date,machine_id,product_type,shift,workers,machine_hours,downtime_hours,maintenance_hours,material_availability_pct,quality_rate_pct,temperature_c,energy_consumption_kwh,production_target,actual_production,production_gap,shortfall_units,units_per_hour,required_ot_hours,ot_rate_per_hour,ot_workers,estimated_ot_cost,production_status
2024-01-01,M03,Product_A,Morning,13,8.46,0.06,0.15,77.89,89.26,28.4,418.15,489,307,182,182,36.66,4.96,180,8,7142.4,Shortfall
2024-01-01,M02,Product_C,Morning,17,8.79,2.14,1.1,89.87,93.21,20.9,502.62,354,237,117,117,32.79,3.57,180,11,7068.6,Shortfall
2024-01-01,M04,Product_B,Morning,11,8.67,1.62,1.32,84.82,88.51,33.9,532.65,419,239,180,180,32.66,5.51,180,7,6942.6,Shortfall
2024-01-01,M02,Product_A,Evening,21,11.58,1.74,0.55,99.48,95.11,23.7,234.74,589,499,90,90,47.84,1.88,200,13,4888.0,Shortfall
2024-01-01,M01,Product_C,Morning,17,7.92,0.6,1.65,79.82,93.43,37.9,198.39,357,198,159,159,28.24,5.63,180,11,11147.4,Shortfall
2024-01-01,M03,Product_B,Evening,13,11.17,0.89,1.22,99.44,96.55,33.6,225.62,568,407,161,161,39.69,4.06,200,8,6496.0,Shortfall
2024-01-01,M05,Product_C,Morning,21,9.84,1.39,1.39,77.27,92.54,28.7,365.58,423,251,172,172,29.22,5.89,180,13,13782.6,Shortfall
2024-01-01,M05,Product_B,Evening,22,7.16,0.51,1.28,76.94,91.49,30.1,558.79,342,220,122,122,34.21,3.57,200,14,9996.0,Shortfall
2024-01-01,M05,Product_B,Night,28,6.99,1.77,0.84,77.84,92.51,26.4,601.92,307,166,141,141,29.01,4.86,230,17,19002.6,Shortfall
2024-01-01,M03,Product_B,Night,9,7.31,0.27,1.04,85.07,95.33,31.1,507.66,349,226,123,123,33.25,3.7,230,6,5106.0,Shortfall
2024-01-01,M03,Product_B,Night,23,6.77,2.29,1.82,79.43,94.2,37.4,375.28,331,147,184,184,30.16,6.1,230,14,19642.0,Shortfall
2024-01-01,M03,Product_A,Evening,26,11.74,0.99,0.47,96.73,99.98,33.9,207.99,653,615,38,38,55.75,0.68,200,16,2176.0,Shortfall
2024-01-01,M03,Product_B,Morning,26,11.42,0.52,0.81,80.39,91.52,29.7,290.87,580,437,143,143,40.27,3.55,180,16,10224.0,Shortfall
2024-01-01,M05,Product_A,Evening,18,9.38,1.64,1.21,87.76,93.62,37.6,350.67,510,307,203,203,38.12,5.33,200,11,11726.0,Shortfall
2024-01-02,M01,Product_B,Morning,24,8.82,1.88,0.39,87.66,88.6,35.9,218.73,436,270,166,166,35.3,4.7,180,15,12690.0,Shortfall
2024-01-02,M01,Product_C,Morning,11,8.46,0.82,0.7,96.23,92.03,23.4,439.77,368,284,84,84,36.58,2.3,180,7,2898.0,Shortfall
2024-01-02,M01,Product_A,Night,13,9.35,2.12,0.29,76.01,95.27,21.4,482.51,483,257,226,226,31.8,7.11,230,8,13082.4,Shortfall
2024-01-02,M02,Product_B,Evening,10,6.33,0.08,1.23,94.03,93.78,30.2,648.48,286,212,74,74,36.21,2.04,200,6,2448.0,Shortfall
2024-01-02,M01,Product_A,Night,10,10.48,1.55,0.71,98.95,94.32,20.5,529.91,557,378,179,179,40.3,4.44,230,6,6127.2,Shortfall
2024-01-02,M04,Product_A,Evening,27,9.46,2.82,0.74,92.51,90.26,28.8,289.58,461,321,140,140,41.96,3.34,200,17,11356.0,Shortfall
2024-01-03,M05,Product_A,Morning,16,6.31,1.68,0.25,83.88,88.62,29.7,572.09,336,185,151,151,34.92,4.32,180,10,7776.0,Shortfall
2024-01-03,M01,Product_A,Morning,29,9.85,2.41,1.1,83.41,90.39,20.7,304.69,531,349,182,182,42.88,4.24,180,18,13737.6,Shortfall
2024-01-03,M04,Product_A,Night,25,6.15,1.21,1.43,77.03,96.9,32.9,592.76,304,176,128,128,35.31,3.63,230,15,12523.5,Shortfall
2024-01-03,M01,Product_A,Morning,22,11.88,1.37,1.06,84.95,93.1,37.4,398.0,682,441,241,241,41.0,5.88,180,14,14817.6,Shortfall
2024-01-03,M05,Product_A,Evening,11,6.0,2.7,1.88,81.22,96.6,27.3,461.67,324,137,187,187,35.52,5.26,200,7,7364.0,Shortfall
2024-01-03,M05,Product_B,Morning,17,8.96,0.07,0.3,93.91,88.04,26.3,417.51,440,323,117,117,36.64,3.19,180,11,6316.2,Shortfall
2024-01-03,M04,Product_A,Morning,19,7.23,1.16,1.51,88.71,99.78,30.2,446.47,392,287,105,105,47.33,2.22,180,12,4795.2,Shortfall
2024-01-03,M05,Product_A,Morning,29,9.23,0.82,1.85,78.74,90.61,37.4,602.18,511,314,197,197,38.62,5.1,180,18,16524.0,Shortfall
2024-01-04,M03,Product_B,Morning,15,8.54,0.85,0.52,77.6,91.25,36.8,566.63,442,269,173,173,34.09,5.07,180,9,8213.4,Shortfall
2024-01-04,M01,Product_C,Morning,13,6.99,1.04,1.61,93.84,92.27,24.6,392.1,297,178,119,119,30.4,3.91,180,8,5630.4,Shortfall
2024-01-04,M02,Product_C,Morning,17,7.6,1.99,0.24,92.24,90.28,29.9,413.94,327,220,107,107,34.26,3.12,180,11,6177.6,Shortfall
2024-01-04,M03,Product_C,Night,19,10.49,0.98,1.29,89.9,94.9,36.6,477.91,410,302,108,108,31.79,3.4,230,12,9384.0,Shortfall
2024-01-04,M01,Product_A,Morning,18,6.22,1.99,0.21,85.84,91.34,29.8,345.8,364,221,143,143,43.75,3.27,180,11,6474.6,Shortfall
2024-01-04,M05,Product_B,Morning,25,10.02,0.87,0.42,96.19,89.78,35.9,439.29,495,380,115,115,40.45,2.84,180,15,7668.0,Shortfall
2024-01-04,M01,Product_B,Morning,22,7.72,2.23,0.93,82.5,93.03,23.7,484.4,381,235,146,146,38.1,3.83,180,14,9651.6,Shortfall
2024-01-04,M05,Product_B,Evening,16,8.69,2.66,0.58,87.66,93.33,24.3,560.64,426,267,159,159,38.01,4.18,200,10,8360.0,Shortfall
2024-01-05,M04,Product_A,Evening,27,6.35,0.54,1.17,83.12,89.81,24.4,281.46,330,208,122,122,36.86,3.31,200,17,11254.0,Shortfall
2024-01-05,M01,Product_B,Morning,23,9.73,0.95,0.43,99.98,88.52,28.1,605.34,505,405,100,100,44.72,2.24,180,14,5644.8,Shortfall
2024-01-05,M05,Product_C,Night,9,7.22,0.81,1.12,94.75,92.93,31.1,577.05,278,176,102,102,27.58,3.7,230,6,5106.0,Shortfall
2024-01-05,M05,Product_A,Night,20,8.91,1.2,0.62,75.26,99.51,23.6,500.54,444,294,150,150,36.6,4.1,230,12,11316.0,Shortfall
2024-01-05,M03,Product_A,Night,29,10.47,1.22,0.43,84.74,91.11,36.0,236.05,566,382,184,184,39.59,4.65,230,18,19251.0,Shortfall
2024-01-05,M02,Product_C,Morning,13,6.39,0.29,1.23,75.94,94.51,26.9,340.24,267,162,105,105,27.93,3.76,180,8,5414.4,Shortfall
2024-01-05,M01,Product_A,Evening,22,8.59,1.76,1.58,87.27,89.01,34.7,214.42,460,267,193,193,37.77,5.11,200,14,14308.0,Shortfall
2024-01-05,M04,Product_A,Night,26,8.96,1.25,1.64,77.03,89.97,32.2,487.63,411,259,152,152,33.64,4.52,230,16,16633.6,Shortfall
2024-01-05,M05,Product_A,Morning,19,11.94,2.13,1.06,87.89,89.24,28.0,416.08,635,424,211,211,40.78,5.17,180,12,11167.2,Shortfall
2024-01-05,M01,Product_B,Night,29,6.02,1.35,1.36,92.2,98.49,20.6,598.68,277,201,76,76,41.86,1.82,230,18,7534.8,Shortfall
2024-01-05,M03,Product_A,Morning,14,6.01,0.99,0.94,76.29,90.45,26.9,493.32,354,184,170,170,35.82,4.75,180,9,7695.0,Shortfall
2024-01-06,M03,Product_C,Morning,10,7.82,1.13,1.6,93.88,96.66,34.6,193.4,344,216,128,128,32.54,3.93,180,6,4244.4,Shortfall
2024-01-06,M05,Product_B,Evening,26,11.54,0.03,0.32,97.49,92.27,37.9,459.8,562,450,112,112,39.43,2.84,200,16,9088.0,Shortfall
2024-01-06,M04,Product_B,Morning,10,10.9,1.27,0.06,75.45,98.4,37.0,507.3,510,300,210,210,29.47,7.13,180,6,7700.4,Shortfall
2024-01-06,M05,Product_C,Morning,12,8.44,1.89,0.14,80.12,98.32,26.7,576.02,359,207,152,152,28.16,5.4,180,8,7776.0,Shortfall
2024-01-06,M01,Product_C,Morning,30,11.16,1.21,1.41,79.81,92.94,30.4,247.58,467,336,131,131,33.6,3.9,180,18,12636.0,Shortfall
2024-01-06,M01,Product_A,Night,24,8.21,2.78,1.04,78.3,88.06,37.9,545.9,433,198,235,235,31.34,7.5,230,15,25875.0,Shortfall
2024-01-07,M01,Product_C,Morning,28,6.9,1.79,0.37,99.75,99.44,26.6,420.56,307,242,65,65,41.83,1.55,180,17,4743.0,Shortfall
2024-01-07,M02,Product_A,Evening,14,10.27,1.66,1.83,94.54,91.83,22.5,377.98,547,354,193,193,40.61,4.75,200,9,8550.0,Shortfall
2024-01-07,M04,Product_A,Evening,18,10.41,2.77,0.24,98.81,88.77,20.3,180.12,508,382,126,126,43.4,2.9,200,11,6380.0,Shortfall
2024-01-07,M02,Product_A,Night,23,9.25,2.21,1.27,81.78,90.54,36.1,430.55,444,277,167,167,36.5,4.58,230,14,14747.6,Shortfall
2024-01-07,M04,Product_B,Evening,30,7.13,2.94,0.37,89.36,88.94,20.5,375.42,321,215,106,106,39.94,2.65,200,18,9540.0,Shortfall
2024-01-07,M05,Product_B,Morning,15,6.68,2.32,0.18,89.47,95.21,21.7,531.02,338,208,130,130,38.94,3.34,180,9,5410.8,Shortfall
2024-01-08,M01,Product_B,Evening,25,8.13,0.87,1.49,83.18,98.03,33.8,512.54,394,286,108,108,40.11,2.69,200,15,8070.0,Shortfall
2024-01-08,M01,Product_C,Morning,23,10.73,0.32,0.66,80.96,92.5,26.9,477.84,463,329,134,134,31.87,4.2,180,14,10584.0,Shortfall
2024-01-08,M03,Product_B,Night,22,8.66,2.16,1.72,75.41,96.59,34.8,346.7,399,196,203,203,28.53,7.12,230,14,22926.4,Shortfall
2024-01-08,M05,Product_A,Evening,11,6.36,1.33,1.91,99.96,97.78,21.6,618.8,340,203,137,137,40.93,3.35,200,7,4690.0,Shortfall
2024-01-08,M02,Product_A,Night,22,10.68,1.19,1.91,84.9,94.99,22.6,646.18,545,354,191,191,37.83,5.05,230,14,16261.0,Shortfall
2024-01-08,M02,Product_A,Morning,11,8.2,1.17,0.34,94.17,93.65,25.2,459.25,449,311,138,138,41.82,3.3,180,7,4158.0,Shortfall
2024-01-08,M04,Product_B,Morning,19,11.75,2.58,1.96,98.75,90.41,21.6,434.82,525,394,131,131,40.85,3.21,180,12,6933.6,Shortfall
2024-01-08,M01,Product_A,Morning,21,8.22,0.82,1.07,85.01,92.94,24.9,263.52,461,338,123,123,45.71,2.69,180,13,6294.6,Shortfall
2024-01-08,M04,Product_B,Morning,10,6.19,0.23,1.18,75.31,89.32,27.2,215.84,282,128,154,154,22.65,6.8,180,6,7344.0,Shortfall
2024-01-08,M05,Product_B,Morning,8,10.64,1.43,0.23,77.7,91.45,24.1,233.33,523,288,235,235,29.47,7.97,180,5,7173.0,Shortfall
2024-01-08,M02,Product_B,Evening,28,7.06,0.04,1.78,98.2,94.83,31.8,475.13,323,296,27,27,46.14,0.59,200,17,2006.0,Shortfall
2024-01-08,M01,Product_A,Morning,29,7.48,1.46,0.78,98.59,94.99,32.1,272.95,401,357,44,44,55.75,0.79,180,18,2559.6,Shortfall
2024-01-08,M03,Product_B,Morning,26,11.81,1.26,1.58,88.92,90.54,35.7,539.64,634,450,184,184,42.6,4.32,180,16,12441.6,Shortfall
2024-01-09,M01,Product_B,Morning,21,9.51,2.88,1.47,91.37,91.47,32.1,227.91,460,307,153,153,41.42,3.69,180,13,8634.6,Shortfall
2024-01-09,M03,Product_A,Morning,10,6.53,0.45,1.9,96.39,96.19,33.8,250.31,382,231,151,151,41.12,3.67,180,6,3963.6,Shortfall
2024-01-09,M02,Product_A,Night,23,6.84,0.93,1.85,92.87,95.45,35.8,559.81,335,250,85,85,44.01,1.93,230,14,6214.6,Shortfall
2024-01-09,M04,Product_A,Evening,17,9.77,0.85,0.16,77.76,97.6,37.7,579.93,486,330,156,156,35.69,4.37,200,11,9614.0,Shortfall
2024-01-09,M03,Product_B,Evening,24,11.88,1.48,1.73,97.23,97.48,28.2,445.18,600,494,106,106,47.23,2.24,200,15,6720.0,Shortfall
2024-01-09,M04,Product_A,Evening,16,10.01,1.73,0.39,85.17,90.24,28.4,369.41,488,336,152,152,37.66,4.04,200,10,8080.0,Shortfall
2024-01-09,M04,Product_B,Night,8,11.59,1.47,1.35,87.04,89.01,35.1,276.09,503,258,245,245,25.03,9.79,230,5,11258.5,Shortfall
2024-01-10,M03,Product_B,Evening,12,8.73,1.25,1.92,87.2,99.95,36.9,362.57,453,258,195,195,35.0,5.57,200,8,8912.0,Shortfall
2024-01-10,M02,Product_A,Evening,19,8.32,0.38,0.8,76.3,96.86,37.7,452.71,448,292,156,156,37.29,4.18,200,12,10032.0,Shortfall
2024-01-10,M05,Product_A,Evening,8,8.24,2.09,0.76,78.25,95.45,20.8,363.44,423,217,206,206,31.8,6.48,200,5,6480.0,Shortfall
2024-01-10,M01,Product_A,Night,27,9.51,1.69,1.17,93.73,97.97,25.5,386.38,486,398,88,88,48.71,1.81,230,17,7077.1,Shortfall
2024-01-10,M03,Product_A,Evening,24,9.48,2.93,1.72,88.68,99.28,27.0,183.57,534,355,179,179,48.85,3.66,200,15,10980.0,Shortfall
2024-01-10,M04,Product_B,Night,9,11.43,0.04,0.43,97.37,94.55,23.8,265.11,468,381,87,87,33.84,2.57,230,6,3546.6,Shortfall
2024-01-10,M03,Product_A,Night,23,11.91,0.38,0.48,83.21,89.02,27.3,387.42,642,445,197,197,38.58,5.11,230,14,16454.2,Shortfall
2024-01-11,M03,Product_B,Morning,18,10.51,0.51,0.76,89.9,95.09,29.1,589.54,529,441,88,88,44.26,1.99,180,11,3940.2,Shortfall
2024-01-11,M05,Product_A,Evening,26,9.2,0.0,0.06,97.08,99.77,35.9,402.15,493,448,45,45,48.81,0.92,200,16,2944.0,Shortfall
2024-01-11,M02,Product_B,Morning,28,7.72,1.18,0.31,92.25,89.29,22.3,316.71,378,278,100,100,39.93,2.5,180,17,7650.0,Shortfall
2024-01-11,M02,Product_A,Evening,10,10.29,2.29,1.8,88.7,93.78,26.2,579.75,534,362,172,172,43.09,3.99,200,6,4788.0,Shortfall
2024-01-11,M01,Product_C,Evening,19,6.45,2.38,0.84,94.97,89.79,30.3,303.85,271,176,95,95,36.31,2.62,200,12,6288.0,Shortfall
2024-01-11,M04,Product_A,Evening,20,11.37,1.74,1.3,97.39,93.77,22.9,637.75,599,455,144,144,45.69,3.15,200,12,7560.0,Shortfall
2024-01-11,M05,Product_B,Night,30,10.74,0.12,1.82,75.75,99.18,32.1,353.23,468,342,126,126,34.07,3.7,230,18,15318.0,Shortfall
2024-01-11,M04,Product_C,Morning,17,10.3,2.8,0.86,75.34,92.34,24.5,445.66,424,219,205,205,25.89,7.92,180,11,15681.6,Shortfall
2024-01-12,M04,Product_A,Morning,9,8.2,2.83,0.57,87.73,89.82,29.6,334.33,417,248,169,169,38.49,4.39,180,6,4741.2,Shortfall
2024-01-12,M01,Product_B,Morning,29,8.79,0.64,1.35,77.9,88.63,23.3,392.27,420,271,149,149,34.02,4.38,180,18,14191.2,Shortfall
2024-01-12,M05,Product_B,Morning,25,6.06,0.66,1.61,83.92,88.78,25.1,519.65,306,187,119,119,36.43,3.27,180,15,8829.0,Shortfall
2024-01-12,M02,Product_C,Morning,18,9.16,0.27,0.92,93.1,92.89,22.3,427.05,366,310,56,56,35.68,1.57,180,11,3108.6,Shortfall
2024-01-12,M01,Product_A,Evening,13,7.96,1.98,0.89,94.07,97.02,20.5,568.64,451,295,156,156,44.97,3.47,200,8,5552.0,Shortfall
2024-01-12,M03,Product_B,Evening,24,6.42,0.83,0.99,94.01,90.06,26.0,597.7,324,240,84,84,42.73,1.97,200,15,5910.0,Shortfall
2024-01-12,M02,Product_C,Evening,30,8.2,2.82,1.78,82.82,99.03,30.4,603.75,315,202,113,113,33.52,3.37,200,18,12132.0,Shortfall
2024-01-12,M04,Product_B,Evening,20,6.76,0.76,1.13,75.8,90.85,26.1,349.9,308,187,121,121,31.45,3.85,200,12,9240.0,Shortfall
2024-01-12,M04,Product_B,Morning,19,11.29,0.05,0.14,80.83,88.48,21.3,328.77,532,363,169,169,32.37,5.22,180,12,11275.2,Shortfall
2024-01-12,M02,Product_A,Morning,13,7.89,2.39,1.07,85.36,90.61,20.7,313.79,408,255,153,153,41.12,3.72,180,8,5356.8,Shortfall
2024-01-12,M03,Product_C,Evening,26,10.5,1.33,0.89,94.81,96.54,29.4,206.11,460,376,84,84,39.76,2.11,200,16,6752.0,Shortfall
2024-01-12,M01,Product_B,Morning,12,7.9,0.57,0.53,93.27,99.46,21.2,561.18,408,330,78,78,44.59,1.75,180,8,2520.0,Shortfall
2024-01-13,M01,Product_A,Morning,8,6.62,0.44,0.96,90.27,97.11,24.2,537.06,358,246,112,112,40.71,2.75,180,5,2475.0,Shortfall
2024-01-13,M03,Product_A,Evening,20,11.36,1.13,0.61,83.23,93.35,28.9,506.6,664,447,217,217,42.47,5.11,200,12,12264.0,Shortfall
2024-01-13,M04,Product_B,Evening,13,10.34,2.7,0.48,82.78,98.96,21.7,421.71,459,287,172,172,33.04,5.21,200,8,8336.0,Shortfall
2024-01-13,M03,Product_A,Morning,15,6.96,1.39,1.46,96.48,90.31,26.7,622.47,391,271,120,120,47.67,2.52,180,9,4082.4,Shortfall
2024-01-13,M02,Product_B,Morning,23,6.14,1.23,0.18,80.53,95.22,29.3,475.62,285,208,77,77,38.51,2.0,180,14,5040.0,Shortfall
2024-01-13,M04,Product_B,Evening,20,10.94,1.67,0.45,76.1,94.61,35.7,581.77,472,280,192,192,28.39,6.76,200,12,16224.0,Shortfall
2024-01-13,M02,Product_C,Morning,12,10.68,0.53,0.78,87.56,89.34,32.9,391.34,453,313,140,140,30.94,4.52,180,8,6508.8,Shortfall
2024-01-14,M02,Product_C,Morning,21,11.61,2.82,0.1,89.63,92.44,31.6,499.3,460,342,118,118,34.12,3.46,180,13,8096.4,Shortfall
2024-01-14,M05,Product_A,Night,26,8.47,1.24,1.23,99.97,95.12,34.2,462.78,424,357,67,67,48.52,1.38,230,16,5078.4,Shortfall
2024-01-14,M02,Product_A,Morning,15,7.69,1.13,0.95,91.48,99.27,20.5,543.84,396,307,89,89,45.58,1.95,180,9,3159.0,Shortfall
2024-01-14,M03,Product_B,Evening,26,6.98,2.09,1.55,76.32,88.97,29.8,605.39,342,196,146,146,37.07,3.94,200,16,12608.0,Shortfall
2024-01-14,M03,Product_C,Night,11,9.24,1.93,1.48,85.59,99.68,23.5,537.14,392,232,160,160,30.29,5.28,230,7,8500.8,Shortfall
2024-01-14,M03,Product_C,Morning,28,7.64,2.5,1.5,89.69,89.87,32.6,365.67,351,227,124,124,39.55,3.14,180,17,9608.4,Shortfall
2024-01-14,M05,Product_B,Night,16,7.29,1.03,1.42,86.35,90.19,28.1,267.86,316,211,105,105,33.89,3.1,230,10,7130.0,Shortfall
2024-01-14,M05,Product_A,Night,18,10.94,1.35,0.83,90.22,88.75,35.1,386.63,562,366,196,196,36.94,5.31,230,11,13434.3,Shortfall
2024-01-14,M04,Product_B,Morning,8,11.8,0.61,1.95,99.14,91.67,24.6,475.48,567,385,182,182,35.71,5.1,180,5,4590.0,Shortfall
2024-01-14,M04,Product_B,Evening,14,6.58,1.21,0.74,83.39,99.89,22.7,195.13,303,183,120,120,32.36,3.71,200,9,6678.0,Shortfall
2024-01-15,M02,Product_B,Morning,11,10.6,2.59,1.69,85.51,95.12,20.6,212.4,495,298,197,197,34.72,5.67,180,7,7144.2,Shortfall
2024-01-15,M04,Product_C,Evening,12,8.98,0.09,0.21,97.02,98.41,33.5,184.47,355,298,57,57,33.65,1.69,200,8,2704.0,Shortfall
2024-01-15,M03,Product_B,Night,17,9.37,1.13,0.85,78.21,96.67,21.8,314.07,423,295,128,128,34.91,3.67,230,11,9285.1,Shortfall
2024-01-15,M03,Product_B,Evening,17,6.23,0.6,1.39,80.72,95.36,27.2,207.09,313,203,110,110,37.5,2.93,200,11,6446.0,Shortfall
2024-01-15,M01,Product_B,Morning,23,8.27,1.49,1.03,80.82,92.65,22.0,580.17,420,271,149,149,38.22,3.9,180,14,9828.0,Shortfall
2024-01-15,M04,Product_A,Morning,18,8.55,0.91,1.3,88.38,90.81,33.6,402.48,447,307,140,140,40.42,3.46,180,11,6850.8,Shortfall
2024-01-15,M02,Product_B,Night,8,9.77,2.47,1.75,92.36,90.47,36.5,488.11,423,226,197,197,28.98,6.8,230,5,7820.0,Shortfall
2024-01-15,M01,Product_C,Morning,29,8.42,1.0,1.03,85.67,99.64,36.8,406.39,356,275,81,81,36.62,2.21,180,18,7160.4,Shortfall
2024-01-15,M04,Product_A,Morning,23,8.91,2.96,1.69,76.67,92.13,37.4,287.31,482,224,258,258,33.48,7.71,180,14,19429.2,Shortfall
2024-01-15,M05,Product_B,Morning,27,6.24,1.63,0.49,82.6,97.01,21.2,488.38,308,204,104,104,39.44,2.64,180,17,8078.4,Shortfall
2024-01-16,M04,Product_A,Evening,12,8.17,1.56,0.22,92.16,96.77,36.3,409.16,396,274,122,122,37.87,3.22,200,8,5152.0,Shortfall
2024-01-16,M02,Product_B,Morning,20,9.32,0.28,1.36,76.88,93.57,35.6,327.66,440,275,165,165,31.65,5.21,180,12,11253.6,Shortfall
2024-01-16,M05,Product_A,Night,9,8.86,1.0,0.53,79.68,98.74,33.7,401.64,446,260,186,186,32.0,5.81,230,6,8017.8,Shortfall
2024-01-16,M02,Product_B,Night,13,10.42,1.53,1.08,82.04,90.14,23.4,610.91,455,288,167,167,31.3,5.34,230,8,9825.6,Shortfall
2024-01-16,M04,Product_A,Evening,8,11.38,0.07,1.59,91.79,97.49,26.4,375.84,553,399,154,154,37.0,4.16,200,5,4160.0,Shortfall
2024-01-16,M01,Product_C,Morning,8,9.68,1.36,0.1,99.54,88.16,32.0,209.26,415,263,152,152,29.56,5.14,180,5,4626.0,Shortfall
2024-01-17,M01,Product_B,Morning,17,9.62,1.0,0.33,77.57,91.27,37.9,422.92,483,285,198,198,31.83,6.22,180,11,12315.6,Shortfall
2024-01-17,M03,Product_B,Night,15,11.95,0.43,1.53,82.74,97.09,23.3,450.42,569,388,181,181,34.71,5.21,230,9,10784.7,Shortfall
2024-01-17,M03,Product_B,Evening,10,8.49,2.22,1.94,95.14,99.36,34.7,501.11,433,242,191,191,36.72,5.2,200,6,6240.0,Shortfall
2024-01-17,M02,Product_B,Evening,18,7.2,2.19,1.38,98.21,88.98,26.3,436.77,321,228,93,93,41.36,2.25,200,11,4950.0,Shortfall
2024-01-17,M04,Product_A,Morning,17,8.3,1.98,0.74,86.33,94.97,34.0,212.17,448,276,172,172,39.7,4.33,180,11,8573.4,Shortfall
2024-01-17,M03,Product_A,Morning,9,9.4,1.4,0.58,86.35,91.58,20.6,562.94,569,316,253,253,37.5,6.75,180,6,7290.0,Shortfall
2024-01-17,M01,Product_C,Morning,14,11.19,2.47,0.32,90.24,90.16,35.7,291.41,482,283,199,199,29.12,6.83,180,9,11064.6,Shortfall
2024-01-17,M03,Product_B,Morning,9,9.71,2.29,0.83,76.11,99.63,23.3,589.38,500,285,215,215,34.93,6.16,180,6,6652.8,Shortfall
2024-01-17,M05,Product_A,Night,21,6.51,1.4,1.42,96.79,89.8,37.0,351.85,320,212,108,108,40.43,2.67,230,13,7983.3,Shortfall
2024-01-17,M02,Product_C,Night,14,10.5,0.7,1.75,75.95,92.48,25.9,470.53,390,223,167,167,23.47,7.12,230,9,14738.4,Shortfall
2024-01-17,M01,Product_B,Morning,10,6.32,2.57,0.75,89.04,88.78,37.2,552.02,317,151,166,166,32.52,5.1,180,6,5508.0,Shortfall
2024-01-18,M05,Product_C,Night,23,8.03,0.19,0.4,79.06,90.58,25.6,192.25,325,210,115,115,26.97,4.26,230,14,13717.2,Shortfall
2024-01-18,M03,Product_C,Night,24,9.91,0.2,1.69,96.72,92.09,25.0,308.15,416,337,79,79,36.6,2.16,230,15,7452.0,Shortfall
2024-01-18,M01,Product_A,Evening,13,9.02,0.93,0.94,98.1,94.82,20.0,582.31,476,350,126,126,42.79,2.94,200,8,4704.0,Shortfall
2024-01-18,M03,Product_A,Night,14,9.64,1.49,1.43,86.22,91.99,29.1,281.0,513,310,203,203,37.26,5.45,230,9,11281.5,Shortfall
2024-01-18,M05,Product_A,Morning,26,7.45,2.43,0.92,75.53,96.31,27.0,485.3,414,239,175,175,41.27,4.24,180,16,12211.2,Shortfall
2024-01-19,M04,Product_B,Evening,30,10.97,0.29,1.43,94.12,98.84,27.9,540.73,514,462,52,52,44.81,1.16,200,18,4176.0,Shortfall
2024-01-19,M05,Product_A,Evening,26,9.69,2.28,0.06,93.95,88.67,37.4,566.43,521,347,174,174,41.24,4.22,200,16,13504.0,Shortfall
2024-01-19,M02,Product_B,Morning,22,7.29,1.36,1.21,77.47,89.4,24.0,229.24,340,202,138,138,33.01,4.18,180,14,10533.6,Shortfall
2024-01-19,M01,Product_A,Evening,23,7.54,2.8,1.91,98.53,97.16,25.1,547.57,401,283,118,118,53.08,2.22,200,14,6216.0,Shortfall
2024-01-19,M05,Product_B,Morning,29,7.96,1.73,1.03,96.75,97.56,30.2,344.85,405,298,107,107,44.83,2.39,180,18,7743.6,Shortfall
2024-01-19,M01,Product_A,Morning,17,6.98,0.37,1.97,81.1,94.97,21.9,504.54,379,249,130,130,40.91,3.18,180,11,6296.4,Shortfall
2024-01-19,M01,Product_C,Night,18,7.36,2.49,1.29,84.82,90.7,22.3,263.13,299,152,147,147,27.44,5.36,230,11,13560.8,Shortfall
2024-01-20,M02,Product_A,Morning,13,8.07,2.45,0.91,96.08,88.86,33.9,469.69,433,275,158,158,42.94,3.68,180,8,5299.2,Shortfall
2024-01-20,M01,Product_C,Morning,18,8.37,1.41,1.98,90.64,89.6,28.5,435.18,361,235,126,126,34.05,3.7,180,11,7326.0,Shortfall
2024-01-20,M01,Product_B,Morning,13,10.87,0.3,0.04,77.86,93.8,37.8,201.58,534,327,207,207,30.59,6.77,180,8,9748.8,Shortfall
2024-01-20,M05,Product_B,Evening,8,8.68,2.08,0.77,75.62,95.39,28.5,337.29,413,208,205,205,28.62,7.16,200,5,7160.0,Shortfall
2024-01-21,M01,Product_A,Night,10,6.7,1.81,1.55,77.6,93.41,25.3,278.72,353,157,196,196,30.41,6.45,230,6,8901.0,Shortfall
2024-01-21,M05,Product_A,Morning,25,10.77,2.17,1.26,89.98,98.26,21.0,338.91,571,454,117,117,49.7,2.35,180,15,6345.0,Shortfall
2024-01-21,M02,Product_B,Morning,19,9.27,1.24,1.23,98.87,89.68,37.5,203.78,431,315,116,116,38.61,3.0,180,12,6480.0,Shortfall
2024-01-21,M05,Product_A,Evening,28,7.72,2.61,0.92,86.88,89.8,33.3,216.0,428,253,175,175,42.43,4.12,200,17,14008.0,Shortfall
2024-01-21,M04,Product_B,Morning,16,7.29,0.2,0.99,98.63,99.2,37.8,219.32,338,276,62,62,40.39,1.54,180,10,2772.0,Shortfall
2024-01-21,M01,Product_A,Evening,10,8.46,1.98,1.61,84.8,91.16,28.2,315.76,475,258,217,217,37.9,5.73,200,6,6876.0,Shortfall
2024-01-21,M05,Product_B,Evening,22,8.66,0.32,0.28,77.21,91.29,22.3,215.76,429,274,155,155,32.67,4.74,200,14,13272.0,Shortfall
2024-01-21,M02,Product_A,Morning,14,10.83,2.87,0.21,83.03,91.97,24.5,620.42,581,359,222,222,39.12,5.67,180,9,9185.4,Shortfall
2024-01-22,M03,Product_C,Night,28,7.92,0.41,0.81,82.54,88.22,35.6,281.11,318,222,96,96,29.96,3.2,230,17,12512.0,Shortfall
2024-01-22,M04,Product_A,Evening,21,7.51,0.57,0.69,95.66,93.26,37.5,576.2,372,293,79,79,42.13,1.88,200,13,4888.0,Shortfall
2024-01-22,M01,Product_A,Night,18,10.08,0.65,1.58,86.86,89.1,20.7,481.26,493,366,127,127,39.91,3.18,230,11,8045.4,Shortfall
2024-01-22,M02,Product_A,Morning,20,6.73,0.54,0.5,81.85,88.52,26.2,499.39,368,239,129,129,38.19,3.38,180,12,7300.8,Shortfall
2024-01-22,M01,Product_B,Morning,9,7.16,2.57,1.88,87.66,97.48,24.3,440.09,342,159,183,183,31.25,5.86,180,6,6328.8,Shortfall
2024-01-23,M05,Product_A,Night,22,9.43,2.34,0.32,92.03,92.38,21.4,382.28,493,339,154,154,42.21,3.65,230,14,11753.0,Shortfall
2024-01-23,M04,Product_A,Evening,18,6.24,1.33,1.82,77.76,88.48,27.2,510.27,324,163,161,161,33.46,4.81,200,11,10582.0,Shortfall
2024-01-23,M02,Product_B,Evening,23,11.81,2.36,1.62,85.09,91.25,28.2,599.18,522,355,167,167,35.7,4.68,200,14,13104.0,Shortfall
2024-01-23,M02,Product_C,Morning,9,6.3,1.51,0.5,89.72,98.28,27.5,342.0,251,153,98,98,28.9,3.39,180,6,3661.2,Shortfall
2024-01-23,M05,Product_C,Night,16,10.76,2.45,1.77,93.17,97.14,33.1,244.03,433,281,152,152,31.96,4.76,230,10,10948.0,Shortfall
2024-01-23,M04,Product_A,Evening,16,11.77,1.77,0.37,81.68,94.84,20.0,364.83,600,397,203,203,37.22,5.45,200,10,10900.0,Shortfall
2024-01-24,M03,Product_A,Evening,23,8.72,1.27,1.99,90.11,99.09,28.8,482.09,502,369,133,133,50.38,2.64,200,14,7392.0,Shortfall
2024-01-24,M02,Product_B,Morning,9,11.13,2.08,0.58,91.9,90.42,29.0,404.99,555,343,212,212,35.06,6.05,180,6,6534.0,Shortfall
2024-01-24,M04,Product_A,Evening,27,11.04,0.21,1.25,81.11,93.06,31.5,558.48,566,415,151,151,39.57,3.82,200,17,12988.0,Shortfall
2024-01-24,M02,Product_B,Evening,20,7.03,0.0,0.66,93.06,90.88,33.1,332.25,329,250,79,79,36.77,2.15,200,12,5160.0,Shortfall
2024-01-24,M05,Product_B,Morning,25,9.6,0.16,0.02,84.36,91.76,28.7,597.78,469,371,98,98,39.03,2.51,180,15,6777.0,Shortfall
2024-01-24,M05,Product_B,Night,28,8.97,1.93,0.64,80.4,97.17,29.7,601.75,403,290,113,113,37.74,2.99,230,17,11690.9,Shortfall
2024-01-25,M05,Product_B,Morning,25,6.17,2.06,0.52,83.79,92.65,34.0,401.84,289,180,109,109,37.08,2.94,180,15,7938.0,Shortfall
2024-01-25,M02,Product_C,Evening,26,8.43,2.55,0.74,98.85,89.35,35.0,534.12,355,222,133,133,32.8,4.05,200,16,12960.0,Shortfall
2024-01-25,M01,Product_B,Morning,14,11.04,1.75,0.23,80.81,97.56,21.6,406.18,565,375,190,190,37.51,5.07,180,9,8213.4,Shortfall
2024-01-25,M04,Product_C,Evening,29,10.63,1.82,0.75,81.78,90.25,22.0,311.8,401,294,107,107,31.39,3.41,200,18,12276.0,Shortfall
2024-01-25,M04,Product_A,Night,10,9.48,0.97,1.32,99.49,93.67,23.4,501.47,437,336,101,101,39.6,2.55,230,6,3519.0,Shortfall
2024-01-25,M02,Product_A,Night,12,7.4,0.03,1.36,79.11,89.12,29.4,582.39,365,199,166,166,28.81,5.76,230,8,10598.4,Shortfall
2024-01-25,M05,Product_C,Evening,20,11.44,1.19,1.87,82.75,96.66,25.7,445.73,474,324,150,150,31.98,4.69,200,12,11256.0,Shortfall
2024-01-25,M04,Product_A,Morning,14,6.23,1.79,1.71,83.02,95.15,28.9,446.7,331,176,155,155,37.87,4.09,180,9,6625.8,Shortfall
2024-01-25,M03,Product_B,Evening,14,9.69,0.34,0.49,88.75,98.12,33.9,219.46,460,346,114,114,37.08,3.07,200,9,5526.0,Shortfall
2024-01-25,M01,Product_C,Evening,27,7.08,2.37,0.39,99.53,90.14,33.9,614.9,312,236,76,76,41.84,1.82,200,17,6188.0,Shortfall
2024-01-26,M04,Product_C,Night,30,6.88,1.49,1.65,87.19,90.9,35.3,189.76,263,159,104,104,29.0,3.59,230,18,14862.6,Shortfall
2024-01-26,M03,Product_B,Night,27,8.6,1.77,0.55,82.32,99.55,26.4,525.19,395,260,135,135,34.97,3.86,230,17,15092.6,Shortfall
2024-01-26,M04,Product_A,Night,9,9.11,0.97,0.61,77.67,94.67,29.7,286.35,431,256,175,175,30.61,5.72,230,6,7893.6,Shortfall
2024-01-26,M03,Product_A,Evening,26,7.34,1.61,0.57,87.28,94.68,35.5,303.35,417,278,139,139,44.44,3.13,200,16,10016.0,Shortfall
2024-01-26,M02,Product_A,Night,23,7.78,2.35,1.63,91.8,97.53,20.3,356.89,376,267,109,109,45.12,2.42,230,14,7792.4,Shortfall
2024-01-26,M03,Product_C,Night,21,10.49,0.8,1.78,87.13,90.64,37.3,538.39,441,288,153,153,30.55,5.01,230,13,14979.9,Shortfall
2024-01-26,M04,Product_A,Evening,18,10.32,1.35,1.56,77.5,96.72,26.0,228.88,543,324,219,219,35.87,6.11,200,11,13442.0,Shortfall
2024-01-26,M01,Product_B,Morning,25,10.43,2.43,0.03,84.53,99.94,23.3,404.15,517,421,96,96,46.35,2.07,180,15,5589.0,Shortfall
2024-01-26,M04,Product_B,Evening,23,10.86,2.94,1.29,78.1,90.77,21.7,469.91,510,276,234,234,31.39,7.45,200,14,20860.0,Shortfall
2024-01-26,M05,Product_B,Evening,9,7.45,2.75,1.53,83.49,89.93,36.8,425.36,342,153,189,189,28.32,6.67,200,6,8004.0,Shortfall
2024-01-27,M05,Product_A,Morning,22,6.94,0.78,1.55,80.37,97.99,23.3,445.64,399,255,144,144,42.72,3.37,180,14,8492.4,Shortfall
2024-01-27,M02,Product_C,Morning,30,11.38,2.11,0.2,81.35,89.28,29.5,366.91,495,320,175,175,31.53,5.55,180,18,17982.0,Shortfall
2024-01-27,M03,Product_A,Morning,16,7.61,1.41,0.97,83.85,97.33,20.6,318.09,448,268,180,180,41.26,4.36,180,10,7848.0,Shortfall
2024-01-27,M02,Product_B,Evening,21,8.93,0.73,1.11,90.33,90.18,24.8,248.4,414,284,130,130,34.89,3.73,200,13,9698.0,Shortfall
2024-01-27,M04,Product_B,Evening,12,7.68,2.14,1.86,96.37,96.87,21.9,363.97,331,205,126,126,35.03,3.6,200,8,5760.0,Shortfall
2024-01-27,M03,Product_A,Morning,24,9.14,2.4,1.31,93.35,97.85,34.1,304.36,508,383,125,125,52.03,2.4,180,15,6480.0,Shortfall
2024-01-27,M01,Product_A,Evening,27,7.67,0.03,0.1,83.42,88.66,21.4,374.14,405,320,85,85,42.0,2.02,200,17,6868.0,Shortfall
2024-01-27,M02,Product_C,Morning,15,10.84,0.14,0.09,84.05,92.66,25.5,556.54,444,327,117,117,30.47,3.84,180,9,6220.8,Shortfall
2024-01-28,M04,Product_A,Evening,29,7.16,0.01,0.71,90.09,90.2,21.4,489.01,368,306,62,62,44.31,1.4,200,18,5040.0,Shortfall
2024-01-28,M03,Product_B,Night,11,7.65,1.59,1.12,98.05,95.49,25.9,395.48,348,242,106,106,37.91,2.8,230,7,4508.0,Shortfall
2024-01-28,M01,Product_C,Morning,14,6.58,0.18,0.37,75.92,90.63,23.1,648.74,287,167,120,120,26.29,4.56,180,9,7387.2,Shortfall
2024-01-28,M04,Product_A,Night,16,11.81,1.87,1.94,76.45,94.09,21.4,399.87,585,351,234,234,34.74,6.74,230,10,15502.0,Shortfall
2024-01-28,M04,Product_A,Morning,17,8.58,1.81,0.29,80.59,88.18,37.5,644.67,456,235,221,221,31.4,7.04,180,11,13939.2,Shortfall
2024-01-28,M01,Product_A,Morning,26,7.92,0.17,0.38,77.02,97.8,34.2,415.41,466,327,139,139,42.5,3.27,180,16,9417.6,Shortfall
2024-01-28,M05,Product_A,Night,22,9.11,1.61,0.46,98.76,90.15,32.2,322.03,439,342,97,97,42.41,2.29,230,14,7373.8,Shortfall
2024-01-28,M03,Product_A,Night,9,11.62,2.23,0.41,82.31,98.39,34.7,500.06,628,378,250,250,36.88,6.78,230,6,9356.4,Shortfall
2024-01-28,M05,Product_A,Evening,30,6.36,0.13,0.33,90.22,99.98,29.3,618.17,347,314,33,33,50.87,0.65,200,18,2340.0,Shortfall
2024-01-29,M03,Product_B,Evening,8,6.52,1.87,1.54,97.54,88.65,34.9,360.56,319,147,172,172,29.68,5.8,200,5,5800.0,Shortfall
2024-01-29,M05,Product_A,Night,18,8.05,0.87,0.6,93.52,92.87,27.3,484.62,391,302,89,89,41.02,2.17,230,11,5490.1,Shortfall
2024-01-29,M02,Product_A,Night,19,7.92,2.58,1.66,83.07,98.65,33.9,199.3,378,230,148,148,38.85,3.81,230,12,10515.6,Shortfall
2024-01-29,M04,Product_A,Night,10,7.86,0.49,1.68,75.53,97.29,28.2,461.4,359,215,144,144,30.7,4.69,230,6,6472.2,Shortfall
2024-01-29,M01,Product_A,Evening,28,6.66,0.78,0.4,79.94,88.7,31.7,309.91,366,248,118,118,40.72,2.9,200,17,9860.0,Shortfall
2024-01-29,M02,Product_A,Morning,19,10.0,0.99,0.59,86.19,89.1,29.8,218.63,543,377,166,166,40.76,4.07,180,12,8791.2,Shortfall
2024-01-29,M03,Product_A,Evening,15,9.75,2.43,1.74,82.43,96.2,27.5,649.36,538,339,199,199,43.44,4.58,200,9,8244.0,Shortfall
2024-01-29,M02,Product_A,Evening,20,7.61,1.09,0.34,90.56,97.99,22.7,585.28,408,308,100,100,44.69,2.24,200,12,5376.0,Shortfall
2024-01-29,M01,Product_A,Evening,10,9.25,2.26,1.69,85.38,88.36,24.1,265.9,527,261,266,266,35.2,7.56,200,6,9072.0,Shortfall
2024-01-29,M04,Product_A,Evening,28,6.44,0.4,1.69,78.45,88.02,37.2,365.9,326,174,152,152,30.91,4.92,200,17,16728.0,Shortfall
2024-01-29,M01,Product_B,Evening,10,8.6,2.66,1.31,97.36,93.81,28.3,294.42,400,257,143,143,38.48,3.72,200,6,4464.0,Shortfall
2024-01-29,M04,Product_A,Morning,20,11.0,1.58,0.05,77.0,95.88,33.4,515.56,571,402,169,169,39.75,4.25,180,12,9180.0,Shortfall
2024-01-30,M03,Product_A,Morning,18,8.43,2.49,1.74,92.56,93.62,27.2,190.25,474,318,156,156,49.29,3.16,180,11,6256.8,Shortfall
2024-01-30,M02,Product_C,Evening,12,8.19,1.18,1.87,81.9,92.84,23.3,305.84,344,188,156,156,27.3,5.71,200,8,9136.0,Shortfall
2024-01-30,M02,Product_A,Night,12,9.82,0.52,0.88,97.94,95.84,29.4,215.9,464,377,87,87,40.86,2.13,230,8,3919.2,Shortfall
2024-01-30,M02,Product_C,Morning,17,7.82,2.54,1.91,79.85,90.24,29.0,197.01,311,163,148,148,28.33,5.22,180,11,10335.6,Shortfall
2024-01-30,M04,Product_A,Evening,9,11.47,1.67,1.89,84.96,98.41,28.0,517.08,590,367,223,223,37.11,6.01,200,6,7212.0,Shortfall
2024-01-30,M02,Product_B,Morning,22,9.34,1.89,1.59,88.22,89.45,23.3,292.34,463,297,166,166,38.35,4.33,180,14,10911.6,Shortfall
2024-01-30,M03,Product_C,Morning,13,6.73,0.54,0.59,84.58,93.46,22.6,331.85,308,211,97,97,33.89,2.86,180,8,4118.4,Shortfall
2024-01-30,M04,Product_A,Morning,24,6.77,0.6,1.63,94.73,95.24,30.1,548.44,363,288,75,75,49.07,1.53,180,15,4131.0,Shortfall
2024-01-31,M03,Product_A,Night,26,7.95,1.56,0.44,81.85,89.72,36.4,409.91,417,285,132,132,41.08,3.21,230,16,11812.8,Shortfall
2024-01-31,M05,Product_A,Evening,10,6.79,0.66,1.93,87.34,97.41,26.4,332.7,353,234,119,119,40.69,2.92,200,6,3504.0,Shortfall
2024-01-31,M01,Product_C,Morning,11,8.49,2.48,0.65,99.49,96.28,29.6,515.92,373,240,133,133,34.79,3.82,180,7,4813.2,Shortfall
2024-02-01,M03,Product_C,Morning,28,11.17,1.23,1.16,95.03,91.73,29.3,479.36,482,431,51,51,42.73,1.19,180,17,3641.4,Shortfall
2024-02-01,M02,Product_B,Morning,10,7.35,1.09,1.91,93.93,92.72,20.7,328.67,358,221,137,137,36.34,3.77,180,6,4071.6,Shortfall
2024-02-01,M01,Product_A,Morning,21,9.98,2.63,0.2,92.7,97.93,25.9,363.56,554,416,138,138,49.15,2.81,180,13,6575.4,Shortfall
2024-02-01,M05,Product_B,Night,17,7.61,2.85,0.75,75.51,92.14,29.2,297.04,350,180,170,170,31.14,5.46,230,11,13813.8,Shortfall
2024-02-01,M01,Product_A,Evening,15,9.68,1.15,1.53,76.51,98.34,35.9,477.01,549,318,231,231,37.36,6.18,200,9,11124.0,Shortfall
2024-02-01,M02,Product_C,Evening,12,10.01,2.8,0.07,82.92,96.51,24.5,596.62,417,236,181,181,27.94,6.48,200,8,10368.0,Shortfall
2024-02-01,M05,Product_C,Evening,8,9.93,0.02,1.02,93.1,96.75,21.7,565.41,428,312,116,116,32.63,3.56,200,5,3560.0,Shortfall
2024-02-01,M03,Product_B,Morning,16,8.56,2.54,0.02,77.54,91.77,24.3,319.9,422,255,167,167,35.63,4.69,180,10,8442.0,Shortfall
2024-02-01,M03,Product_A,Evening,22,9.97,0.12,1.15,91.26,97.74,21.5,253.1,578,463,115,115,48.73,2.36,200,14,6608.0,Shortfall
2024-02-02,M02,Product_A,Morning,13,8.44,1.51,0.33,99.92,98.08,28.5,316.04,435,345,90,90,46.04,1.95,180,8,2808.0,Shortfall
2024-02-02,M02,Product_A,Night,21,7.12,0.93,0.67,97.11,88.21,36.2,180.16,344,262,82,82,41.1,2.0,230,13,5980.0,Shortfall
2024-02-02,M04,Product_C,Night,17,6.98,2.28,1.94,90.31,93.04,28.5,439.34,263,148,115,115,29.32,3.92,230,11,9917.6,Shortfall
2024-02-02,M02,Product_A,Night,28,10.56,0.37,0.14,78.0,96.7,35.5,642.02,546,408,138,138,39.58,3.49,230,17,13645.9,Shortfall
2024-02-02,M02,Product_C,Morning,19,11.13,2.93,0.79,83.31,93.11,37.4,490.38,454,298,156,156,32.24,4.84,180,12,10454.4,Shortfall
2024-02-02,M02,Product_A,Evening,13,6.52,0.32,0.27,90.45,97.87,23.9,438.93,356,270,86,86,43.2,1.99,200,8,3184.0,Shortfall
2024-02-02,M01,Product_B,Evening,12,11.1,0.22,1.0,86.01,93.46,34.0,340.53,548,366,182,182,34.43,5.29,200,8,8464.0,Shortfall
2024-02-02,M05,Product_A,Evening,16,9.24,2.58,1.92,95.23,92.27,22.2,583.05,485,322,163,163,45.04,3.62,200,10,7240.0,Shortfall
2024-02-02,M03,Product_C,Morning,28,11.64,1.48,1.02,80.75,99.75,24.2,325.7,495,379,116,116,36.2,3.2,180,17,9792.0,Shortfall
2024-02-02,M03,Product_A,Night,19,10.11,1.73,1.37,87.86,96.92,24.6,472.73,523,367,156,156,42.29,3.69,230,12,10184.4,Shortfall
2024-02-02,M01,Product_A,Night,15,11.23,0.81,1.41,88.84,98.75,30.5,517.63,560,418,142,142,40.62,3.5,230,9,7245.0,Shortfall
2024-02-03,M04,Product_B,Morning,17,11.29,1.83,1.97,98.32,91.59,36.2,438.86,514,379,135,135,39.5,3.42,180,11,6771.6,Shortfall
2024-02-03,M04,Product_B,Morning,24,11.67,2.06,1.36,85.46,90.43,22.2,387.44,561,378,183,183,37.57,4.87,180,15,13149.0,Shortfall
2024-02-03,M04,Product_B,Morning,20,11.17,2.67,0.72,83.72,93.8,30.2,453.14,537,319,218,218,33.76,6.46,180,12,13953.6,Shortfall
2024-02-03,M04,Product_A,Night,8,11.66,2.11,1.37,88.23,90.8,36.9,300.83,542,288,254,254,28.74,8.84,230,5,10166.0,Shortfall
2024-02-03,M02,Product_B,Morning,25,8.92,1.97,0.6,89.27,92.37,23.4,201.51,418,312,106,106,40.91,2.59,180,15,6993.0,Shortfall
2024-02-03,M01,Product_B,Evening,11,6.55,2.54,0.44,86.82,90.31,33.2,312.23,310,169,141,141,33.81,4.17,200,7,5838.0,Shortfall
2024-02-03,M05,Product_C,Evening,22,10.7,1.76,1.84,95.82,93.13,25.9,231.51,442,327,115,115,35.98,3.2,200,14,8960.0,Shortfall
2024-02-03,M01,Product_A,Morning,12,7.7,0.89,1.18,75.98,89.04,23.3,427.87,440,247,193,193,36.34,5.31,180,8,7646.4,Shortfall
2024-02-04,M02,Product_A,Morning,29,11.99,0.97,0.92,96.16,97.99,32.9,644.61,664,595,69,69,53.44,1.29,180,18,4179.6,Shortfall
2024-02-04,M02,Product_B,Night,26,11.49,0.36,0.53,87.38,94.88,33.3,368.28,493,398,95,95,35.83,2.65,230,16,9752.0,Shortfall
2024-02-04,M05,Product_A,Morning,29,6.61,1.22,1.97,89.24,98.91,25.1,589.67,370,245,125,125,46.67,2.68,180,18,8683.2,Shortfall
2024-02-04,M04,Product_B,Morning,21,9.84,1.43,1.69,84.88,89.11,33.2,488.38,468,307,161,161,36.28,4.44,180,13,10389.6,Shortfall
2024-02-04,M03,Product_B,Evening,21,6.56,2.11,0.88,76.82,97.47,20.2,306.37,320,185,135,135,36.34,3.71,200,13,9646.0,Shortfall
2024-02-04,M03,Product_A,Night,13,8.18,1.04,0.11,79.04,95.64,24.3,294.52,423,264,159,159,34.88,4.56,230,8,8390.4,Shortfall
2024-02-04,M05,Product_A,Evening,28,6.19,0.54,1.63,87.06,88.3,25.9,430.03,345,233,112,112,43.78,2.56,200,17,8704.0,Shortfall
2024-02-04,M03,Product_B,Morning,18,8.56,1.01,1.25,78.56,91.88,23.3,565.91,451,266,185,185,35.15,5.26,180,11,10414.8,Shortfall
2024-02-04,M03,Product_B,Night,25,8.75,0.69,0.33,78.36,97.28,35.8,615.7,391,283,108,108,34.28,3.15,230,15,10867.5,Shortfall
2024-02-04,M03,Product_A,Night,18,10.98,2.86,0.59,95.21,98.31,26.4,410.79,554,436,118,118,47.39,2.49,230,11,6299.7,Shortfall
2024-02-05,M02,Product_A,Morning,17,8.2,2.66,1.26,86.59,89.74,36.8,332.57,458,202,256,256,32.08,7.98,180,11,15800.4,Shortfall
2024-02-05,M01,Product_C,Morning,20,6.53,1.86,1.79,78.51,90.08,22.4,320.57,286,155,131,131,31.76,4.12,180,12,8899.2,Shortfall
2024-02-05,M02,Product_A,Morning,15,9.55,1.63,1.36,81.29,96.18,22.0,333.06,524,312,212,212,38.15,5.56,180,9,9007.2,Shortfall
2024-02-05,M05,Product_B,Morning,15,10.52,1.32,1.57,83.81,99.33,35.9,549.09,492,327,165,165,35.37,4.66,180,9,7549.2,Shortfall
2024-02-05,M04,Product_B,Evening,27,6.15,2.5,1.08,76.39,91.96,28.4,325.38,282,122,160,160,27.75,5.77,200,17,19618.0,Shortfall
2024-02-05,M03,Product_B,Night,21,6.91,1.31,1.41,87.15,91.86,23.1,470.89,334,198,136,136,34.76,3.91,230,13,11690.9,Shortfall
2024-02-05,M01,Product_A,Night,29,11.37,2.6,0.04,89.24,93.27,36.5,201.49,598,416,182,182,41.91,4.34,230,18,17967.6,Shortfall
2024-02-05,M05,Product_B,Night,29,8.5,1.35,0.66,77.99,94.63,30.0,618.52,369,265,104,104,35.21,2.95,230,18,12213.0,Shortfall
2024-02-05,M04,Product_C,Morning,11,6.13,1.92,0.21,91.54,95.37,25.0,254.09,236,164,72,72,32.8,2.2,180,7,2772.0,Shortfall
2024-02-05,M05,Product_B,Night,11,8.05,0.86,0.2,84.06,98.34,34.2,343.82,351,246,105,105,32.77,3.2,230,7,5152.0,Shortfall
2024-02-06,M01,Product_B,Evening,24,7.88,2.83,1.07,77.78,94.69,33.8,342.71,381,185,196,196,31.1,6.3,200,15,18900.0,Shortfall
2024-02-06,M05,Product_B,Evening,23,7.82,0.6,0.9,80.24,96.76,34.4,553.49,357,238,119,119,33.17,3.59,200,14,10052.0,Shortfall
2024-02-06,M04,Product_C,Evening,10,6.0,2.71,0.68,97.28,98.23,34.1,249.16,238,120,118,118,28.09,4.2,200,6,5040.0,Shortfall
2024-02-06,M02,Product_A,Evening,28,6.72,2.26,1.11,80.28,97.2,22.1,564.4,367,228,139,139,44.81,3.1,200,17,10540.0,Shortfall
2024-02-06,M03,Product_C,Morning,19,8.0,0.38,0.23,75.58,93.84,31.8,410.84,359,265,94,94,34.37,2.73,180,12,5896.8,Shortfall
2024-02-06,M01,Product_B,Evening,27,10.32,0.63,1.75,97.74,88.44,33.0,189.52,480,374,106,106,39.95,2.65,200,17,9010.0,Shortfall
2024-02-06,M04,Product_A,Evening,17,6.52,1.33,0.84,81.12,98.55,33.2,522.43,324,205,119,119,37.31,3.19,200,11,7018.0,Shortfall
2024-02-06,M05,Product_C,Evening,16,8.38,0.15,0.22,97.25,99.66,36.0,324.47,335,277,58,58,33.7,1.72,200,10,3440.0,Shortfall
2024-02-06,M02,Product_B,Morning,14,10.91,0.85,0.77,75.45,91.72,32.1,397.72,521,323,198,198,31.75,6.24,180,9,10108.8,Shortfall
2024-02-06,M04,Product_A,Morning,14,6.94,1.39,0.03,89.15,95.88,37.3,445.8,381,234,147,147,37.96,3.87,180,9,6269.4,Shortfall
2024-02-07,M01,Product_A,Morning,16,6.26,0.98,1.0,95.98,92.16,31.0,221.1,356,232,124,124,43.19,2.87,180,10,5166.0,Shortfall
2024-02-07,M05,Product_B,Morning,8,8.9,2.84,1.04,83.42,94.39,29.0,203.67,414,230,184,184,32.98,5.58,180,5,5022.0,Shortfall
2024-02-07,M05,Product_B,Morning,17,9.02,1.42,0.22,96.77,99.48,33.9,483.98,431,353,78,78,43.25,1.8,180,11,3564.0,Shortfall
2024-02-07,M01,Product_A,Morning,12,8.88,0.79,1.01,99.2,99.71,29.1,200.31,487,409,78,78,50.54,1.54,180,8,2217.6,Shortfall
2024-02-07,M04,Product_B,Evening,21,6.39,1.1,0.34,76.63,99.86,22.5,453.51,275,178,97,97,31.42,3.09,200,13,8034.0,Shortfall
2024-02-07,M03,Product_A,Night,20,9.49,1.75,0.8,99.73,94.69,36.1,274.72,479,372,107,107,45.1,2.37,230,12,6541.2,Shortfall
2024-02-07,M03,Product_A,Night,25,11.25,1.87,1.27,93.95,91.57,35.2,576.44,597,447,150,150,45.72,3.28,230,15,11316.0,Shortfall
2024-02-07,M04,Product_A,Morning,30,6.21,2.76,1.36,75.1,95.32,37.7,214.77,331,155,176,176,36.76,4.79,180,18,15519.6,Shortfall
2024-02-07,M05,Product_A,Evening,23,9.8,0.4,1.81,84.95,90.97,27.5,535.46,548,360,188,188,40.24,4.67,200,14,13076.0,Shortfall
2024-02-07,M04,Product_A,Morning,19,11.49,0.77,1.22,96.92,99.48,30.7,358.2,595,525,70,70,49.34,1.42,180,12,3067.2,Shortfall
2024-02-07,M03,Product_C,Morning,19,9.71,1.06,0.42,87.35,93.18,23.2,547.89,420,298,122,122,33.18,3.68,180,12,7948.8,Shortfall
2024-02-08,M01,Product_A,Morning,13,6.77,0.75,1.12,94.4,90.99,23.5,270.82,387,244,143,143,40.9,3.5,180,8,5040.0,Shortfall
2024-02-08,M01,Product_A,Morning,11,11.6,1.19,1.53,86.27,93.11,27.5,349.18,650,415,235,235,39.87,5.89,180,7,7421.4,Shortfall
2024-02-08,M04,Product_A,Night,19,8.86,0.98,0.13,80.5,96.81,20.7,312.62,427,304,123,123,36.73,3.35,230,12,9246.0,Shortfall
2024-02-08,M02,Product_B,Night,26,8.01,2.16,0.43,83.24,98.55,26.8,438.13,356,264,92,92,39.57,2.32,230,16,8537.6,Shortfall
2024-02-08,M03,Product_B,Morning,14,8.89,2.03,1.46,85.34,94.15,29.2,595.95,443,300,143,143,41.31,3.46,180,9,5605.2,Shortfall
2024-02-08,M03,Product_A,Evening,25,7.68,0.26,1.85,81.83,89.81,27.8,230.3,443,280,163,163,40.64,4.01,200,15,12030.0,Shortfall
2024-02-08,M02,Product_B,Evening,11,8.47,0.45,0.87,88.26,94.08,23.6,545.97,398,270,128,128,34.1,3.75,200,7,5250.0,Shortfall
2024-02-08,M03,Product_B,Evening,25,11.14,1.74,1.2,97.94,99.5,36.6,395.89,542,495,47,47,50.7,0.93,200,15,2790.0,Shortfall
2024-02-08,M05,Product_B,Morning,17,9.85,1.21,1.13,78.85,88.85,26.0,191.64,494,298,196,196,33.91,5.78,180,11,11444.4,Shortfall
2024-02-08,M02,Product_C,Evening,9,7.92,1.15,0.39,79.49,88.09,30.9,642.09,323,166,157,157,23.21,6.76,200,6,8112.0,Shortfall
2024-02-08,M01,Product_B,Morning,30,7.13,1.17,0.98,79.12,91.91,31.3,512.22,350,225,125,125,36.62,3.41,180,18,11048.4,Shortfall
2024-02-08,M05,Product_A,Evening,15,7.61,2.2,0.87,76.58,93.24,34.2,425.48,398,227,171,171,37.24,4.59,200,9,8262.0,Shortfall
2024-02-08,M05,Product_A,Morning,14,7.17,1.32,1.8,82.5,96.87,37.3,519.48,388,228,160,160,39.22,4.08,180,9,6609.6,Shortfall
2024-02-08,M02,Product_B,Night,25,9.33,1.06,0.16,81.82,90.3,27.5,221.12,408,275,133,133,31.64,4.2,230,15,14490.0,Shortfall
2024-02-09,M04,Product_A,Night,26,7.06,2.38,0.42,81.55,90.38,21.0,519.6,340,195,145,145,34.8,4.17,230,16,15345.6,Shortfall
2024-02-09,M02,Product_B,Morning,15,9.47,0.6,1.54,92.03,94.7,32.9,378.93,471,347,124,124,40.34,3.07,180,9,4973.4,Shortfall
2024-02-09,M02,Product_B,Evening,13,10.45,1.96,1.39,86.24,88.77,29.3,575.76,466,300,166,166,33.76,4.92,200,8,7872.0,Shortfall
2024-02-09,M03,Product_C,Night,8,8.58,0.77,1.64,84.09,90.56,34.6,476.58,364,182,182,182,24.0,7.58,230,5,8717.0,Shortfall
2024-02-09,M05,Product_A,Evening,25,9.98,0.37,0.21,86.65,91.15,22.3,388.65,529,411,118,118,42.36,2.79,200,15,8370.0,Shortfall
2024-02-09,M05,Product_B,Night,21,7.81,1.17,0.52,89.3,98.77,24.5,423.01,359,280,79,79,40.09,1.97,230,13,5890.3,Shortfall
2024-02-09,M02,Product_A,Morning,29,10.52,0.38,1.87,82.36,99.66,32.2,420.38,565,464,101,101,48.05,2.1,180,18,6804.0,Shortfall
2024-02-09,M02,Product_A,Evening,21,7.29,1.95,0.83,83.49,93.92,29.1,272.86,372,225,147,147,37.96,3.87,200,13,10062.0,Shortfall
2024-02-10,M03,Product_C,Evening,28,11.24,2.41,0.6,91.41,91.23,35.1,272.01,479,329,150,150,33.9,4.42,200,17,15028.0,Shortfall
2024-02-10,M05,Product_B,Morning,26,7.48,2.66,0.75,90.01,93.87,21.9,576.39,368,246,122,122,42.75,2.85,180,16,8208.0,Shortfall
2024-02-10,M02,Product_B,Morning,30,9.99,2.94,1.68,80.97,91.94,27.8,460.57,494,302,192,192,38.79,4.95,180,18,16038.0,Shortfall
2024-02-10,M03,Product_B,Evening,11,11.83,2.81,0.27,94.72,88.21,21.0,203.16,601,356,245,245,34.94,7.01,200,7,9814.0,Shortfall
2024-02-10,M01,Product_B,Evening,28,11.61,2.78,0.62,88.94,89.12,20.2,599.44,572,400,172,172,40.55,4.24,200,17,14416.0,Shortfall
2024-02-11,M04,Product_B,Night,14,10.22,0.22,0.06,94.75,93.37,25.0,543.43,430,333,97,97,33.04,2.94,230,9,6085.8,Shortfall
2024-02-11,M05,Product_B,Night,9,7.16,0.51,0.12,93.61,95.48,35.2,258.9,315,213,102,102,31.15,3.27,230,6,4512.6,Shortfall
2024-02-11,M01,Product_B,Morning,8,10.6,1.77,1.53,98.18,94.1,26.9,206.42,543,329,214,214,36.19,5.91,180,5,5319.0,Shortfall
2024-02-11,M03,Product_B,Night,24,9.54,0.51,1.66,96.82,95.75,30.6,314.16,459,396,63,63,45.63,1.38,230,15,4761.0,Shortfall
2024-02-11,M01,Product_B,Morning,16,8.76,1.04,0.07,98.1,91.06,29.4,431.36,456,341,115,115,41.77,2.75,180,10,4950.0,Shortfall
2024-02-11,M02,Product_C,Night,28,6.25,1.41,1.38,97.23,91.13,33.1,535.08,249,187,62,62,37.46,1.66,230,17,6490.6,Shortfall
2024-02-11,M05,Product_B,Night,10,7.92,1.81,1.86,86.83,89.32,32.1,265.51,350,209,141,141,33.31,4.23,230,6,5837.4,Shortfall
2024-02-11,M04,Product_B,Morning,15,9.18,1.22,1.91,97.26,98.19,23.2,474.36,409,323,86,86,41.2,2.09,180,9,3385.8,Shortfall
2024-02-12,M01,Product_A,Morning,30,9.16,2.49,1.86,80.35,93.22,32.7,237.45,528,316,212,212,44.26,4.79,180,18,15519.6,Shortfall
2024-02-12,M03,Product_A,Evening,25,9.22,1.48,1.09,87.48,98.67,34.2,261.12,525,371,154,154,46.23,3.33,200,15,9990.0,Shortfall
2024-02-12,M05,Product_A,Night,19,8.14,2.22,1.66,96.82,98.88,28.7,593.46,421,309,112,112,48.75,2.3,230,12,6348.0,Shortfall
2024-02-12,M02,Product_C,Night,16,8.51,0.54,1.13,82.75,90.8,35.0,298.4,318,204,114,114,26.1,4.37,230,10,10051.0,Shortfall
2024-02-13,M05,Product_B,Night,28,9.01,0.43,1.46,80.46,93.65,35.7,254.0,393,262,131,131,31.71,4.13,230,17,16148.3,Shortfall
2024-02-13,M01,Product_C,Night,25,7.15,1.59,0.51,96.47,89.8,32.7,404.22,282,199,83,83,32.64,2.54,230,15,8763.0,Shortfall
2024-02-13,M01,Product_A,Evening,18,6.34,2.36,1.57,85.82,94.7,22.8,412.17,344,210,134,134,46.74,2.87,200,11,6314.0,Shortfall
2024-02-13,M02,Product_A,Evening,23,11.2,0.62,0.11,88.63,96.08,27.6,308.69,599,461,138,138,42.6,3.24,200,14,9072.0,Shortfall
2024-02-13,M03,Product_A,Evening,9,6.72,1.3,0.95,82.69,89.78,34.5,322.3,384,204,180,180,35.96,5.01,200,6,6012.0,Shortfall
2024-02-13,M03,Product_A,Night,28,9.98,2.52,1.56,76.65,88.6,34.1,267.8,536,282,254,254,35.04,7.25,230,17,28347.5,Shortfall
2024-02-13,M04,Product_A,Morning,13,11.62,2.51,1.77,82.78,95.58,24.5,547.83,613,360,253,253,37.42,6.76,180,8,9734.4,Shortfall
2024-02-14,M05,Product_B,Morning,20,9.34,0.63,1.82,76.39,97.07,32.1,288.78,477,282,195,195,33.75,5.78,180,12,12484.8,Shortfall
2024-02-14,M03,Product_A,Night,16,9.6,2.74,1.16,77.84,91.83,23.4,426.46,515,265,250,250,34.47,7.25,230,10,16675.0,Shortfall
2024-02-14,M03,Product_C,Evening,24,11.11,1.53,0.34,87.65,97.44,34.5,276.07,462,347,115,115,34.19,3.36,200,15,10080.0,Shortfall
2024-02-14,M01,Product_A,Morning,18,10.03,0.1,1.25,92.89,95.36,23.4,606.56,562,476,86,86,49.91,1.72,180,11,3405.6,Shortfall
2024-02-14,M04,Product_A,Evening,21,9.31,0.84,0.64,99.99,91.7,36.2,348.69,467,390,77,77,45.22,1.7,200,13,4420.0,Shortfall
2024-02-15,M01,Product_B,Evening,15,7.3,1.88,0.31,93.91,92.14,34.6,601.09,368,219,149,149,35.57,4.19,200,9,7542.0,Shortfall
2024-02-15,M05,Product_A,Evening,8,6.15,1.01,0.01,84.77,99.25,28.7,360.68,335,200,135,135,35.77,3.77,200,5,3770.0,Shortfall
2024-02-15,M05,Product_C,Evening,13,10.8,0.6,1.58,76.28,97.9,31.8,232.63,426,269,157,157,27.13,5.79,200,8,9264.0,Shortfall
2024-02-15,M03,Product_C,Morning,29,7.58,1.53,1.89,79.38,94.69,27.5,411.85,331,216,115,115,35.54,3.24,180,18,10497.6,Shortfall
2024-02-15,M01,Product_A,Evening,19,7.95,0.85,1.2,83.57,96.44,31.8,607.01,440,308,132,132,43.61,3.03,200,12,7272.0,Shortfall
2024-02-15,M03,Product_B,Night,11,9.78,1.73,1.5,93.74,97.64,28.5,624.99,441,325,116,116,39.14,2.96,230,7,4765.6,Shortfall
2024-02-15,M05,Product_A,Night,28,10.16,2.8,1.74,84.98,98.98,22.1,591.82,503,355,148,148,44.31,3.34,230,17,13059.4,Shortfall
2024-02-15,M03,Product_A,Morning,29,6.94,0.69,0.07,94.03,93.57,23.8,529.77,416,336,80,80,51.41,1.56,180,18,5054.4,Shortfall
2024-02-15,M05,Product_C,Evening,10,10.35,1.59,0.38,85.98,95.57,20.6,384.59,417,284,133,133,30.4,4.38,200,6,5256.0,Shortfall
2024-02-15,M03,Product_A,Morning,24,7.26,2.0,0.94,79.07,94.25,26.1,302.16,405,227,178,178,38.93,4.57,180,15,12339.0,Shortfall
2024-02-16,M03,Product_A,Morning,11,6.82,1.7,0.66,97.4,94.33,36.1,291.64,381,250,131,131,44.22,2.96,180,7,3729.6,Shortfall
2024-02-16,M04,Product_A,Morning,19,7.01,2.22,1.8,96.88,97.37,29.4,641.43,380,248,132,132,48.07,2.75,180,12,5940.0,Shortfall
2024-02-16,M04,Product_A,Night,16,9.27,0.18,0.9,80.71,97.57,35.6,200.82,442,297,145,145,33.54,4.32,230,10,9936.0,Shortfall
2024-02-16,M05,Product_A,Morning,27,11.98,2.84,0.37,82.89,99.35,31.5,580.23,686,486,200,200,47.24,4.23,180,17,12943.8,Shortfall
2024-02-16,M05,Product_C,Night,16,6.5,2.82,1.64,94.67,89.32,21.3,448.69,241,133,108,108,30.4,3.55,230,10,8165.0,Shortfall
2024-02-16,M03,Product_B,Evening,25,11.53,2.73,0.39,92.06,97.44,21.8,289.26,549,428,121,121,43.27,2.8,200,15,8400.0,Shortfall
2024-02-16,M02,Product_A,Evening,24,7.59,0.75,0.08,93.42,92.06,29.5,225.54,401,319,82,82,44.62,1.84,200,15,5520.0,Shortfall
2024-02-16,M02,Product_A,Morning,13,7.48,1.78,1.55,95.54,88.39,29.6,648.46,391,255,136,136,42.8,3.18,180,8,4579.2,Shortfall
2024-02-16,M05,Product_A,Evening,28,11.2,2.4,0.24,90.34,99.25,24.9,382.83,572,486,86,86,49.61,1.73,200,17,5882.0,Shortfall
2024-02-16,M02,Product_B,Morning,19,6.73,2.77,2.0,95.64,93.49,33.9,221.49,329,190,139,139,42.16,3.3,180,12,7128.0,Shortfall
2024-02-16,M05,Product_A,Evening,15,11.77,0.68,0.56,76.85,88.02,26.7,445.89,635,379,256,256,33.84,7.57,200,9,13626.0,Shortfall
2024-02-16,M02,Product_B,Morning,13,8.7,2.58,0.54,98.81,98.04,36.5,573.34,427,298,129,129,42.02,3.07,180,8,4420.8,Shortfall
2024-02-16,M05,Product_B,Morning,10,11.92,0.1,0.51,79.24,96.8,30.4,427.45,581,376,205,205,32.17,6.37,180,6,6879.6,Shortfall
2024-02-16,M04,Product_B,Evening,19,8.43,2.27,0.39,85.44,93.65,23.7,393.3,362,258,104,104,36.62,2.84,200,12,6816.0,Shortfall
2024-02-16,M01,Product_B,Evening,23,10.92,2.83,0.33,99.65,93.05,26.7,251.06,518,396,122,122,42.82,2.85,200,14,7980.0,Shortfall
2024-02-17,M04,Product_B,Night,29,10.65,0.83,1.85,85.87,92.58,33.6,600.23,444,310,134,134,32.47,4.13,230,18,17098.2,Shortfall
2024-02-17,M03,Product_A,Morning,10,8.82,2.85,0.36,97.62,90.5,33.5,277.71,526,309,217,217,43.36,5.0,180,6,5400.0,Shortfall
2024-02-17,M03,Product_A,Evening,28,7.03,2.13,0.02,80.77,96.0,34.5,369.73,379,243,136,136,41.53,3.27,200,17,11118.0,Shortfall
2024-02-17,M03,Product_A,Evening,27,7.26,1.61,0.15,97.76,98.94,27.2,199.04,409,349,60,60,55.2,1.09,200,17,3706.0,Shortfall
2024-02-17,M02,Product_A,Morning,26,6.87,2.61,0.94,85.16,95.72,36.4,190.5,372,208,164,164,40.74,4.03,180,16,11606.4,Shortfall
2024-02-17,M04,Product_B,Morning,9,10.58,0.92,0.49,80.24,88.42,30.8,525.78,497,276,221,221,27.87,7.93,180,6,8564.4,Shortfall
2024-02-17,M01,Product_A,Morning,12,10.28,1.19,1.65,83.66,94.37,35.2,558.23,555,335,220,220,37.02,5.94,180,8,8553.6,Shortfall
2024-02-17,M04,Product_A,Night,20,6.29,2.64,0.31,75.14,95.86,35.3,531.51,314,146,168,168,30.87,5.44,230,12,15014.4,Shortfall
2024-02-18,M03,Product_A,Morning,22,10.37,0.84,1.72,96.92,95.79,25.8,325.17,595,505,90,90,54.27,1.66,180,14,4183.2,Shortfall
2024-02-18,M02,Product_B,Morning,29,8.16,0.42,0.7,77.52,96.48,26.7,560.84,391,286,105,105,37.22,2.82,180,18,9136.8,Shortfall
2024-02-18,M01,Product_C,Evening,12,10.74,2.62,1.93,90.19,95.1,27.6,263.3,438,282,156,156,32.7,4.77,200,8,7632.0,Shortfall
2024-02-18,M05,Product_C,Evening,11,8.64,1.91,1.54,88.3,95.4,37.8,198.48,364,202,162,162,28.65,5.65,200,7,7910.0,Shortfall
2024-02-18,M01,Product_B,Morning,12,10.07,0.28,1.62,86.24,89.03,26.8,491.99,504,330,174,174,35.3,4.93,180,8,7099.2,Shortfall
2024-02-18,M05,Product_B,Night,17,11.05,2.0,0.29,91.04,90.81,36.7,188.13,482,319,163,163,32.39,5.03,230,11,12725.9,Shortfall
2024-02-18,M01,Product_A,Morning,9,6.75,2.17,1.48,81.06,89.97,30.1,467.66,379,182,197,197,36.12,5.45,180,6,5886.0,Shortfall
2024-02-18,M02,Product_B,Evening,10,8.02,1.02,0.47,99.0,91.19,24.3,365.71,355,271,84,84,37.15,2.26,200,6,2712.0,Shortfall
2024-02-18,M01,Product_A,Morning,12,8.45,1.01,0.42,98.12,89.35,21.3,259.26,454,329,125,125,42.47,2.94,180,8,4233.6,Shortfall
2024-02-19,M04,Product_C,Morning,14,8.65,0.38,0.51,83.12,95.24,21.7,231.52,353,232,121,121,28.08,4.31,180,9,6982.2,Shortfall
2024-02-19,M01,Product_B,Morning,21,8.99,2.7,1.5,87.39,94.73,36.0,275.55,465,253,212,212,36.25,5.85,180,13,13689.0,Shortfall
2024-02-19,M05,Product_A,Evening,21,6.39,0.17,1.04,98.74,97.3,25.6,596.96,340,312,28,28,52.59,0.53,200,13,1378.0,Shortfall
2024-02-19,M04,Product_A,Evening,23,11.27,2.74,1.62,79.51,99.13,25.5,536.06,569,368,201,201,40.02,5.02,200,14,14056.0,Shortfall
2024-02-20,M05,Product_A,Evening,9,9.1,0.7,0.19,75.63,94.98,29.6,567.94,498,286,212,212,33.07,6.41,200,6,7692.0,Shortfall
2024-02-20,M01,Product_A,Night,11,11.02,0.97,0.69,96.29,96.09,22.7,437.58,588,420,168,168,41.0,4.1,230,7,6601.0,Shortfall
2024-02-20,M02,Product_C,Evening,16,10.43,0.18,1.96,95.28,99.33,24.0,212.81,431,343,88,88,35.56,2.47,200,10,4940.0,Shortfall
2024-02-20,M04,Product_B,Evening,24,9.58,2.96,1.54,96.87,93.71,33.2,634.31,446,312,134,134,42.09,3.18,200,15,9540.0,Shortfall
2024-02-20,M02,Product_A,Evening,13,7.14,2.08,1.95,97.25,94.01,35.0,306.14,381,209,172,172,39.33,4.37,200,8,6992.0,Shortfall
2024-02-20,M01,Product_B,Evening,23,6.6,1.78,0.65,75.1,92.16,36.8,306.64,309,149,160,160,27.63,5.79,200,14,16212.0,Shortfall
2024-02-20,M04,Product_B,Evening,18,7.92,1.23,1.99,78.24,94.24,36.9,246.07,361,191,170,170,29.17,5.83,200,11,12826.0,Shortfall
2024-02-20,M02,Product_B,Morning,18,11.94,0.77,1.53,86.33,98.67,31.6,436.69,547,425,122,122,38.7,3.15,180,11,6237.0,Shortfall
2024-02-20,M05,Product_A,Night,20,9.23,0.62,0.88,84.08,98.59,32.4,455.55,468,347,121,121,40.44,2.99,230,12,8252.4,Shortfall
2024-02-20,M01,Product_B,Morning,25,11.19,0.21,0.63,94.89,92.77,35.8,181.71,555,456,99,99,42.01,2.36,180,15,6372.0,Shortfall
2024-02-20,M03,Product_A,Night,28,9.89,0.48,1.77,81.17,91.51,33.8,468.44,533,363,170,170,40.3,4.22,230,17,16500.2,Shortfall
2024-02-21,M04,Product_A,Night,21,9.8,0.48,0.31,89.74,90.61,35.2,412.46,475,334,141,141,35.43,3.98,230,13,11900.2,Shortfall
2024-02-21,M04,Product_A,Morning,28,7.39,2.28,1.72,92.76,90.01,37.3,623.29,374,248,126,126,44.81,2.81,180,17,8598.6,Shortfall
2024-02-21,M02,Product_A,Night,19,9.02,2.58,1.97,94.54,99.41,26.2,591.69,443,315,128,128,45.58,2.81,230,12,7755.6,Shortfall
2024-02-21,M01,Product_C,Morning,21,9.74,2.06,1.23,96.97,90.64,24.7,468.61,440,307,133,133,37.55,3.54,180,13,8283.6,Shortfall
2024-02-21,M04,Product_B,Morning,29,10.65,0.79,0.59,85.83,91.03,31.1,389.3,478,393,85,85,39.26,2.17,180,18,7030.8,Shortfall
2024-02-21,M05,Product_B,Morning,17,6.15,2.48,1.78,78.73,88.15,31.8,554.86,310,125,185,185,30.03,6.16,180,11,12196.8,Shortfall
2024-02-22,M04,Product_A,Morning,28,11.34,0.13,0.6,98.3,98.81,37.1,274.24,580,540,40,40,48.83,0.82,180,17,2509.2,Shortfall
2024-02-22,M03,Product_A,Morning,13,9.02,0.47,0.57,98.32,96.55,35.7,333.11,507,404,103,103,47.19,2.18,180,8,3139.2,Shortfall
2024-02-22,M02,Product_C,Morning,24,11.91,2.34,1.79,95.96,90.41,26.5,530.5,515,378,137,137,37.81,3.62,180,15,9774.0,Shortfall
2024-02-22,M03,Product_A,Night,26,8.38,2.56,1.13,89.84,88.53,26.5,523.93,422,279,143,143,42.42,3.37,230,16,12401.6,Shortfall
2024-02-22,M04,Product_B,Night,30,10.85,1.73,1.06,87.2,99.23,33.0,472.29,441,377,64,64,39.57,1.62,230,18,6706.8,Shortfall
2024-02-22,M05,Product_B,Evening,22,8.5,1.2,0.15,90.69,99.33,34.5,256.57,398,330,68,68,42.38,1.6,200,14,4480.0,Shortfall
2024-02-22,M03,Product_B,Night,10,7.21,2.16,1.03,88.33,97.68,21.3,631.48,347,210,137,137,37.09,3.69,230,6,5092.2,Shortfall
2024-02-22,M05,Product_C,Morning,21,9.9,0.74,0.95,88.73,97.98,28.1,606.13,417,330,87,87,36.02,2.42,180,13,5662.8,Shortfall
2024-02-22,M03,Product_C,Evening,27,10.34,0.76,1.61,97.24,93.04,24.7,190.17,440,378,62,62,40.39,1.54,200,17,5236.0,Shortfall
2024-02-22,M04,Product_A,Night,9,9.74,0.97,1.51,90.2,93.4,24.9,215.77,483,294,189,189,33.88,5.58,230,6,7700.4,Shortfall
2024-02-22,M05,Product_B,Night,24,10.26,0.04,1.71,76.34,90.33,22.6,472.43,451,286,165,165,29.67,5.56,230,15,19182.0,Shortfall
2024-02-22,M05,Product_A,Night,20,10.14,1.21,0.74,83.4,90.04,34.7,504.36,497,337,160,160,36.57,4.38,230,12,12088.8,Shortfall
2024-02-23,M01,Product_A,Evening,8,9.02,1.07,1.58,88.13,91.38,31.1,181.89,479,297,182,182,37.7,4.83,200,5,4830.0,Shortfall
2024-02-23,M01,Product_B,Night,10,9.52,2.89,0.04,97.5,97.73,21.1,225.16,441,305,136,136,38.53,3.53,230,6,4871.4,Shortfall
2024-02-23,M02,Product_B,Morning,25,6.23,2.73,0.94,84.42,97.27,27.9,534.63,303,182,121,121,41.37,2.92,180,15,7884.0,Shortfall
2024-02-23,M04,Product_A,Evening,19,9.49,2.92,1.01,99.24,89.83,32.1,184.99,489,311,178,178,41.3,4.31,200,12,10344.0,Shortfall
2024-02-23,M03,Product_A,Morning,21,11.58,1.94,1.81,95.31,99.99,33.7,473.63,664,538,126,126,54.46,2.31,180,13,5405.4,Shortfall
2024-02-23,M04,Product_C,Night,13,11.8,0.35,1.29,96.76,88.89,35.5,363.32,429,301,128,128,26.98,4.74,230,8,8721.6,Shortfall
2024-02-23,M05,Product_B,Night,19,9.09,1.07,1.78,75.71,96.63,32.8,625.14,414,261,153,153,33.13,4.62,230,12,12751.2,Shortfall
2024-02-23,M05,Product_A,Morning,12,8.4,2.7,1.14,77.03,88.33,33.9,551.93,451,217,234,234,33.3,7.03,180,8,10123.2,Shortfall
2024-02-23,M05,Product_B,Night,19,6.37,0.95,1.22,83.94,98.49,20.4,391.79,294,197,97,97,36.34,2.67,230,12,7369.2,Shortfall
2024-02-23,M02,Product_C,Night,17,8.22,1.11,0.1,78.28,92.65,25.9,553.47,319,199,120,120,26.27,4.57,230,11,11562.1,Shortfall
2024-02-23,M01,Product_B,Night,29,11.73,1.66,1.17,92.94,95.03,37.7,606.63,511,405,106,106,38.91,2.72,230,18,11260.8,Shortfall
2024-02-23,M05,Product_A,Night,23,10.45,0.95,1.1,81.63,95.38,21.3,424.57,521,355,166,166,37.2,4.46,230,14,14361.2,Shortfall
2024-02-24,M01,Product_C,Night,12,7.46,0.47,0.77,87.67,92.11,27.1,426.83,301,216,85,85,31.16,2.73,230,8,5023.2,Shortfall
2024-02-24,M04,Product_B,Morning,25,10.67,2.31,1.76,88.68,95.31,28.1,588.45,510,347,163,163,39.51,4.13,180,15,11151.0,Shortfall
2024-02-24,M05,Product_B,Morning,19,9.3,1.36,0.35,92.15,94.99,34.1,410.08,457,334,123,123,39.62,3.1,180,12,6696.0,Shortfall
2024-02-24,M05,Product_A,Night,12,9.36,1.45,1.75,96.37,89.55,21.5,572.85,481,313,168,168,39.37,4.27,230,8,7856.8,Shortfall
2024-02-24,M02,Product_B,Evening,26,6.81,2.59,1.71,80.99,98.95,22.2,253.71,320,201,119,119,41.99,2.83,200,16,9056.0,Shortfall
2024-02-24,M04,Product_B,Evening,28,6.72,2.13,1.52,83.47,92.85,37.1,476.65,306,179,127,127,35.68,3.56,200,17,12104.0,Shortfall
2024-02-24,M01,Product_B,Evening,12,11.42,0.47,1.11,84.59,91.94,20.4,438.35,570,378,192,192,35.09,5.47,200,8,8752.0,Shortfall
2024-02-24,M05,Product_C,Night,13,11.47,1.49,0.18,82.79,92.32,26.2,558.14,449,290,159,159,27.39,5.81,230,8,10690.4,Shortfall
2024-02-24,M04,Product_A,Evening,30,9.96,2.43,1.59,94.42,97.49,31.5,557.68,509,418,91,91,51.82,1.76,200,18,6336.0,Shortfall
2024-02-24,M04,Product_A,Morning,30,9.17,0.66,0.62,78.1,89.09,24.3,563.33,477,320,157,157,37.25,4.21,180,18,13640.4,Shortfall
2024-02-24,M01,Product_B,Evening,17,7.66,1.71,0.74,91.99,89.55,29.8,217.5,368,248,120,120,38.39,3.13,200,11,6886.0,Shortfall
2024-02-25,M02,Product_A,Evening,12,10.0,2.98,1.8,76.33,96.31,33.8,449.16,524,263,261,261,34.02,7.67,200,8,12272.0,Shortfall
2024-02-25,M04,Product_A,Night,15,10.01,1.82,1.13,87.04,98.63,32.6,624.01,478,339,139,139,39.36,3.53,230,9,7307.1,Shortfall
2024-02-25,M02,Product_A,Morning,28,10.16,0.52,0.49,93.83,91.42,23.5,603.39,553,471,82,82,48.54,1.69,180,17,5171.4,Shortfall
2024-02-25,M05,Product_B,Morning,25,9.78,0.11,0.95,90.74,94.52,25.9,466.03,499,402,97,97,42.83,2.26,180,15,6102.0,Shortfall
2024-02-25,M03,Product_A,Evening,12,7.62,1.11,1.59,97.24,90.9,28.6,454.72,416,287,129,129,44.48,2.9,200,8,4640.0,Shortfall
2024-02-25,M01,Product_C,Night,10,8.85,0.74,0.22,87.69,96.61,26.4,194.76,349,224,125,125,26.78,4.67,230,6,6444.6,Shortfall
2024-02-26,M05,Product_A,Morning,15,8.62,2.47,1.9,78.29,95.15,22.7,254.29,477,252,225,225,38.2,5.89,180,9,9541.8,Shortfall
2024-02-26,M05,Product_B,Morning,9,8.04,2.23,0.42,85.83,88.9,29.4,431.41,399,230,169,169,34.5,4.9,180,6,5292.0,Shortfall
2024-02-26,M02,Product_A,Night,22,8.06,2.04,1.45,82.32,90.72,23.6,493.49,404,249,155,155,38.72,4.0,230,14,12880.0,Shortfall
2024-02-26,M02,Product_A,Evening,11,8.43,2.21,1.13,88.93,98.01,35.6,468.24,453,259,194,194,37.98,5.11,200,7,7154.0,Shortfall
2024-02-26,M04,Product_B,Evening,26,8.94,1.22,1.05,90.17,88.51,24.6,575.28,419,279,140,140,35.31,3.96,200,16,12672.0,Shortfall
2024-02-26,M04,Product_C,Morning,30,10.47,2.06,0.44,80.22,97.1,35.7,195.13,441,299,142,142,32.56,4.36,180,18,14126.4,Shortfall
2024-02-26,M03,Product_C,Evening,13,9.62,2.24,1.48,81.81,89.44,37.7,464.88,413,214,199,199,27.19,7.32,200,8,11712.0,Shortfall
2024-02-26,M03,Product_C,Night,24,6.76,0.94,0.69,87.11,93.23,33.7,364.62,285,195,90,90,32.49,2.77,230,15,9556.5,Shortfall
2024-02-27,M04,Product_A,Evening,10,6.51,1.62,0.88,92.2,92.94,32.4,572.19,341,201,140,140,37.85,3.7,200,6,4440.0,Shortfall
2024-02-27,M04,Product_A,Morning,12,10.87,0.81,1.88,82.41,91.39,25.8,384.94,572,353,219,219,36.14,6.06,180,8,8726.4,Shortfall
2024-02-27,M04,Product_A,Night,17,9.69,0.39,1.06,95.78,93.14,26.9,186.88,458,345,113,113,37.89,2.98,230,11,7539.4,Shortfall
2024-02-27,M02,Product_B,Night,13,8.11,2.81,0.6,91.68,90.08,37.5,235.42,371,199,172,172,31.32,5.49,230,8,10101.6,Shortfall
2024-02-27,M01,Product_B,Morning,29,9.26,1.56,0.77,82.08,96.19,25.3,289.03,439,340,99,99,41.81,2.37,180,18,7678.8,Shortfall
2024-02-27,M02,Product_B,Morning,11,6.49,1.35,0.36,92.44,90.41,30.8,286.7,311,195,116,116,34.69,3.34,180,7,4208.4,Shortfall
2024-02-27,M02,Product_B,Night,10,8.07,1.77,1.57,90.69,90.07,36.1,356.8,361,195,166,166,29.78,5.57,230,6,7686.6,Shortfall
2024-02-27,M01,Product_A,Morning,28,9.58,1.05,0.28,85.34,96.38,29.4,613.4,564,433,131,131,48.63,2.69,180,17,8231.4,Shortfall
2024-02-27,M05,Product_A,Evening,28,11.16,2.57,0.73,83.9,93.12,35.8,210.49,621,342,279,279,36.03,7.74,200,17,26316.0,Shortfall
2024-02-28,M02,Product_C,Evening,8,11.55,0.46,1.63,86.2,92.19,23.5,218.76,473,276,197,197,25.73,7.66,200,5,7660.0,Shortfall
2024-02-28,M05,Product_A,Morning,20,11.94,2.62,1.4,79.66,92.93,28.8,204.81,661,406,255,255,40.56,6.29,180,12,13586.4,Shortfall
2024-02-28,M01,Product_A,Evening,13,11.6,0.79,0.32,78.71,94.05,36.5,647.74,629,378,251,251,34.2,7.34,200,8,11744.0,Shortfall
2024-02-28,M01,Product_A,Evening,26,10.84,1.96,1.46,89.96,95.65,33.6,337.51,586,426,160,160,46.05,3.47,200,16,11104.0,Shortfall
2024-02-28,M01,Product_B,Night,30,8.8,1.68,0.68,96.3,98.94,20.6,638.83,385,337,48,48,44.12,1.09,230,18,4512.6,Shortfall
2024-02-28,M02,Product_A,Morning,26,6.53,2.2,0.73,86.83,96.69,21.9,583.82,339,219,120,120,43.24,2.78,180,16,8006.4,Shortfall
2024-02-28,M02,Product_B,Morning,26,8.68,1.21,1.52,99.58,89.46,21.0,610.59,418,338,80,80,45.17,1.77,180,16,5097.6,Shortfall
2024-02-29,M04,Product_B,Morning,8,7.77,0.2,1.62,98.53,89.64,30.2,413.14,370,240,130,130,33.84,3.84,180,5,3456.0,Shortfall
2024-02-29,M03,Product_B,Morning,13,8.97,1.35,0.67,84.21,91.08,23.4,530.66,441,286,155,155,35.78,4.33,180,8,6235.2,Shortfall
2024-02-29,M03,Product_C,Evening,16,10.63,1.96,1.9,82.86,90.02,24.7,263.48,468,262,206,206,29.48,6.99,200,10,13980.0,Shortfall
2024-02-29,M02,Product_B,Morning,18,10.54,1.09,1.49,88.35,92.16,28.5,564.27,527,361,166,166,38.33,4.33,180,11,8573.4,Shortfall
2024-02-29,M05,Product_C,Morning,29,6.24,2.06,0.52,99.87,95.39,21.3,478.21,277,200,77,77,40.61,1.9,180,18,6156.0,Shortfall
2024-02-29,M03,Product_B,Night,11,7.52,2.62,0.47,80.08,88.45,33.3,512.83,355,174,181,181,29.42,6.15,230,7,9901.5,Shortfall
2024-02-29,M01,Product_B,Morning,28,6.44,1.84,2.0,96.38,97.74,22.4,571.89,326,215,111,111,45.47,2.44,180,17,7466.4,Shortfall
2024-02-29,M03,Product_B,Night,28,9.16,1.21,0.56,98.52,93.52,28.7,609.83,414,354,60,60,42.66,1.41,230,17,5513.1,Shortfall
2024-03-01,M03,Product_A,Night,25,8.42,0.35,0.89,77.51,93.29,32.7,252.65,430,297,133,133,37.52,3.54,230,15,12213.0,Shortfall
2024-03-01,M03,Product_A,Evening,17,8.45,2.98,1.41,80.16,89.1,32.2,338.81,487,250,237,237,39.57,5.99,200,11,13178.0,Shortfall
2024-03-01,M02,Product_A,Morning,28,7.59,0.8,0.8,93.18,89.1,31.1,633.35,395,334,61,61,48.62,1.25,180,17,3825.0,Shortfall
2024-03-01,M01,Product_B,Morning,12,6.44,1.69,0.38,87.12,93.44,29.4,193.57,326,191,135,135,35.52,3.8,180,8,5472.0,Shortfall
2024-03-01,M05,Product_A,Morning,14,10.58,2.07,0.51,95.79,91.72,27.2,436.74,561,398,163,163,42.97,3.79,180,9,6139.8,Shortfall
2024-03-01,M04,Product_C,Night,27,11.22,1.5,1.4,91.04,91.24,34.9,444.88,423,294,129,129,29.68,4.35,230,17,17008.5,Shortfall
2024-03-01,M03,Product_B,Morning,10,11.44,2.99,0.04,88.79,95.86,36.0,570.15,560,355,205,205,36.29,5.65,180,6,6102.0,Shortfall
2024-03-02,M03,Product_A,Morning,30,9.68,1.17,1.55,90.59,90.84,21.1,231.14,570,421,149,149,49.56,3.01,180,18,9752.4,Shortfall
2024-03-02,M01,Product_B,Evening,27,9.95,2.95,0.93,84.77,96.47,23.7,205.73,471,322,149,149,40.24,3.7,200,17,12580.0,Shortfall
2024-03-02,M02,Product_A,Night,26,6.47,0.17,0.01,75.14,89.37,26.5,272.02,318,233,85,85,36.56,2.32,230,16,8537.6,Shortfall
2024-03-02,M01,Product_C,Night,13,9.67,2.54,1.57,85.07,93.55,22.4,483.4,376,244,132,132,31.59,4.18,230,8,7691.2,Shortfall
2024-03-02,M04,Product_C,Night,26,6.54,0.38,0.41,98.57,97.94,20.2,519.83,248,220,28,28,35.56,0.79,230,16,2907.2,Shortfall
2024-03-02,M03,Product_B,Morning,30,11.14,1.61,1.51,80.06,90.57,30.4,594.99,595,409,186,186,42.05,4.42,180,18,14320.8,Shortfall
2024-03-02,M03,Product_C,Evening,12,11.05,2.85,0.9,79.29,98.52,38.0,446.12,499,247,252,252,26.94,9.35,200,8,14960.0,Shortfall
2024-03-02,M01,Product_C,Night,23,9.87,1.8,0.33,78.26,96.9,27.8,249.91,408,274,134,134,31.26,4.29,230,14,13813.8,Shortfall
2024-03-02,M05,Product_B,Evening,8,7.28,0.32,0.6,98.46,92.45,32.3,319.18,351,254,97,97,36.84,2.63,200,5,2630.0,Shortfall
2024-03-02,M03,Product_B,Morning,27,7.48,0.25,1.11,98.05,96.18,26.0,595.41,395,372,23,23,53.49,0.43,180,17,1315.8,Shortfall
2024-03-02,M02,Product_B,Morning,8,7.16,2.26,0.81,98.79,91.34,20.8,456.92,348,222,126,126,39.41,3.2,180,5,2880.0,Shortfall
2024-03-02,M05,Product_A,Morning,27,10.82,1.62,1.5,90.04,94.83,31.7,606.9,588,474,114,114,50.4,2.26,180,17,6915.6,Shortfall
2024-03-02,M05,Product_A,Night,23,8.89,0.63,0.58,89.8,98.24,35.2,279.44,441,337,104,104,40.41,2.57,230,14,8275.4,Shortfall
2024-03-03,M03,Product_C,Morning,27,6.45,1.17,1.52,78.22,96.97,23.6,299.76,284,161,123,123,30.52,4.03,180,17,12331.8,Shortfall
2024-03-03,M01,Product_C,Night,25,11.29,1.79,1.4,80.22,98.64,21.3,459.89,431,295,136,136,30.05,4.53,230,15,15628.5,Shortfall
2024-03-03,M01,Product_A,Morning,26,7.25,0.86,1.52,83.38,90.17,31.4,358.58,422,259,163,163,41.47,3.93,180,16,11318.4,Shortfall
2024-03-03,M05,Product_C,Evening,20,11.94,1.47,0.76,90.31,97.93,30.0,612.53,502,402,100,100,37.0,2.7,200,12,6480.0,Shortfall
2024-03-03,M05,Product_C,Morning,12,6.45,0.58,0.92,85.04,89.02,37.8,213.33,275,156,119,119,26.85,4.43,180,8,6379.2,Shortfall
2024-03-03,M05,Product_C,Evening,12,10.16,0.87,1.11,91.78,94.26,30.1,537.88,407,302,105,105,32.5,3.23,200,8,5168.0,Shortfall
2024-03-03,M01,Product_B,Morning,29,7.44,2.44,1.09,95.92,99.13,32.7,614.56,384,288,96,96,50.38,1.91,180,18,6188.4,Shortfall
2024-03-03,M03,Product_C,Evening,18,10.55,2.32,0.72,96.45,93.06,28.6,262.98,450,331,119,119,36.69,3.24,200,11,7128.0,Shortfall
2024-03-03,M04,Product_A,Morning,24,9.65,1.93,0.5,91.96,88.23,36.0,497.15,497,336,161,161,39.94,4.03,180,15,10881.0,Shortfall
2024-03-03,M02,Product_B,Evening,10,6.08,2.16,0.1,97.93,96.23,23.7,334.33,274,167,107,107,34.38,3.11,200,6,3732.0,Shortfall
2024-03-03,M03,Product_A,Morning,8,7.61,1.75,0.83,94.46,91.72,33.7,344.47,438,280,158,158,44.05,3.59,180,5,3231.0,Shortfall
2024-03-03,M05,Product_A,Morning,28,6.66,0.76,0.49,77.51,98.27,36.9,194.51,360,248,112,112,40.85,2.74,180,17,8384.4,Shortfall
2024-03-03,M04,Product_C,Morning,19,6.8,1.28,0.94,95.53,91.38,33.8,270.43,275,190,85,85,32.95,2.58,180,12,5572.8,Shortfall
2024-03-04,M04,Product_B,Morning,14,6.3,0.69,1.18,95.26,89.14,29.3,526.18,298,198,100,100,35.95,2.78,180,9,4503.6,Shortfall
2024-03-04,M03,Product_A,Night,17,10.47,1.37,0.42,99.16,89.27,31.2,572.33,534,434,100,100,45.35,2.21,230,11,5591.3,Shortfall
2024-03-04,M01,Product_B,Morning,28,7.65,1.44,0.26,84.34,94.44,36.9,361.35,372,262,110,110,38.72,2.84,180,17,8690.4,Shortfall
2024-03-04,M05,Product_A,Evening,25,11.48,2.52,1.45,77.87,95.61,30.0,457.8,612,393,219,219,41.0,5.34,200,15,16020.0,Shortfall
2024-03-04,M05,Product_A,Evening,24,6.68,0.71,0.64,83.64,97.9,30.3,638.44,367,277,90,90,45.67,1.97,200,15,5910.0,Shortfall
2024-03-04,M05,Product_B,Evening,8,6.99,2.2,0.43,86.84,95.73,32.6,414.23,317,179,138,138,31.8,4.34,200,5,4340.0,Shortfall
2024-03-05,M04,Product_B,Morning,10,10.6,2.92,1.21,83.52,92.42,29.4,193.77,471,254,217,217,29.64,7.32,180,6,7905.6,Shortfall
2024-03-05,M05,Product_A,Morning,30,8.05,1.83,0.44,94.1,96.51,32.5,350.53,425,370,55,55,53.7,1.02,180,18,3304.8,Shortfall
2024-03-05,M05,Product_A,Morning,10,10.46,1.18,0.53,82.11,93.42,20.2,298.32,580,334,246,246,34.7,7.09,180,6,7657.2,Shortfall
2024-03-05,M01,Product_C,Morning,11,7.58,1.36,1.83,95.99,98.37,29.5,272.04,337,223,114,114,36.02,3.16,180,7,3981.6,Shortfall
2024-03-05,M04,Product_B,Night,27,7.71,2.52,1.15,75.28,99.43,33.6,278.92,330,185,145,145,31.24,4.64,230,17,18142.4,Shortfall
2024-03-05,M02,Product_C,Morning,14,8.11,2.54,0.18,96.28,97.6,28.5,359.84,344,228,116,116,34.29,3.38,180,9,5475.6,Shortfall
2024-03-05,M05,Product_C,Evening,9,10.85,2.41,1.4,92.95,89.13,20.5,501.96,436,270,166,166,29.89,5.55,200,6,6660.0,Shortfall
2024-03-05,M01,Product_B,Morning,11,6.57,0.69,1.66,88.64,96.29,20.3,430.06,312,198,114,114,35.3,3.23,180,7,4069.8,Shortfall
2024-03-06,M05,Product_A,Morning,23,6.66,0.64,1.58,93.63,96.59,29.4,604.42,355,282,73,73,49.0,1.49,180,14,3754.8,Shortfall
2024-03-06,M04,Product_A,Evening,11,8.91,2.19,1.43,98.23,99.98,27.7,326.37,473,317,156,156,44.0,3.55,200,7,4970.0,Shortfall
2024-03-06,M05,Product_B,Night,27,9.17,0.28,0.66,75.77,90.95,24.6,330.71,422,274,148,148,31.19,4.75,230,17,18572.5,Shortfall
2024-03-06,M02,Product_A,Night,27,9.12,2.69,0.08,81.34,91.46,21.1,240.06,455,261,194,194,34.29,5.66,230,17,22130.6,Shortfall
2024-03-06,M04,Product_B,Morning,8,8.88,0.04,0.0,94.73,91.82,33.2,187.91,423,282,141,141,31.84,4.43,180,5,3987.0,Shortfall
2024-03-07,M01,Product_A,Evening,12,8.7,0.86,0.04,99.65,96.96,30.2,533.68,485,393,92,92,47.85,1.92,200,8,3072.0,Shortfall
2024-03-07,M02,Product_A,Morning,10,8.8,2.31,1.03,76.06,92.96,34.0,253.88,479,220,259,259,30.69,8.44,180,6,9115.2,Shortfall
2024-03-07,M04,Product_A,Evening,9,10.24,1.32,1.04,82.86,93.17,30.7,444.35,514,331,183,183,36.17,5.06,200,6,6072.0,Shortfall
2024-03-07,M03,Product_A,Morning,8,9.56,0.95,1.7,76.47,90.83,26.2,326.75,535,277,258,258,32.81,7.86,180,5,7074.0,Shortfall
2024-03-07,M01,Product_A,Evening,30,8.36,0.64,0.96,80.17,91.65,27.5,562.46,464,321,143,143,41.84,3.42,200,18,12312.0,Shortfall
2024-03-07,M03,Product_A,Evening,15,9.15,1.12,1.33,91.97,94.46,28.4,498.66,502,371,131,131,45.98,2.85,200,9,5130.0,Shortfall
2024-03-07,M05,Product_B,Morning,22,9.55,2.93,1.48,96.11,88.63,22.9,536.52,464,305,159,159,41.1,3.87,180,14,9752.4,Shortfall
2024-03-08,M03,Product_C,Evening,11,6.51,1.71,0.76,76.31,92.51,34.2,491.52,292,135,157,157,25.45,6.17,200,7,8638.0,Shortfall
2024-03-08,M05,Product_C,Morning,27,9.91,1.7,0.26,86.75,97.15,32.4,511.76,419,318,101,101,35.79,2.82,180,17,8629.2,Shortfall
2024-03-08,M05,Product_B,Night,29,9.26,1.45,1.65,99.73,93.51,22.1,369.15,401,343,58,58,43.5,1.33,230,18,5506.2,Shortfall
2024-03-08,M04,Product_B,Morning,10,11.18,0.31,1.57,76.07,90.04,29.9,496.11,506,299,207,207,28.59,7.24,180,6,7819.2,Shortfall
2024-03-08,M03,Product_A,Evening,28,9.37,0.96,1.72,75.0,93.18,28.4,422.63,535,312,223,223,37.86,5.89,200,17,20026.0,Shortfall
2024-03-08,M02,Product_B,Evening,28,10.44,0.64,0.29,84.54,97.08,37.5,277.0,466,379,87,87,37.95,2.29,200,17,7786.0,Shortfall
2024-03-08,M04,Product_A,Evening,22,7.37,1.01,1.28,98.69,94.05,34.2,246.19,378,262,116,116,41.15,2.82,200,14,7896.0,Shortfall
2024-03-09,M03,Product_C,Morning,18,6.01,1.24,0.44,83.21,95.88,34.7,607.45,269,177,92,92,34.21,2.69,180,11,5326.2,Shortfall
2024-03-09,M02,Product_B,Night,24,8.58,1.56,1.59,78.47,93.61,23.5,640.46,365,234,131,131,32.66,4.01,230,15,13834.5,Shortfall
2024-03-09,M01,Product_A,Evening,11,11.97,2.01,1.38,94.33,90.98,21.8,546.23,661,419,242,242,40.36,6.0,200,7,8400.0,Shortfall
2024-03-09,M02,Product_B,Evening,9,11.85,1.97,1.27,91.85,95.53,37.1,477.03,539,332,207,207,32.16,6.44,200,6,7728.0,Shortfall
2024-03-09,M05,Product_B,Evening,18,10.1,0.12,0.32,83.92,98.37,37.7,267.48,489,327,162,162,32.96,4.92,200,11,10824.0,Shortfall
2024-03-09,M03,Product_A,Night,30,9.19,1.55,1.39,81.1,94.26,21.4,444.95,500,334,166,166,42.54,3.9,230,18,16146.0,Shortfall
2024-03-09,M04,Product_A,Evening,20,9.86,2.56,0.01,96.52,93.33,20.9,474.98,525,401,124,124,47.46,2.61,200,12,6264.0,Shortfall
2024-03-09,M01,Product_B,Evening,21,6.51,2.01,0.45,91.97,92.82,21.6,624.7,319,209,110,110,39.83,2.76,200,13,7176.0,Shortfall
2024-03-09,M03,Product_B,Evening,19,6.37,0.42,1.49,82.4,90.12,21.2,406.76,322,200,122,122,35.6,3.43,200,12,8232.0,Shortfall
2024-03-09,M03,Product_C,Night,24,10.33,2.69,1.04,95.46,94.39,28.2,330.57,436,311,125,125,36.65,3.41,230,15,11764.5,Shortfall
2024-03-10,M05,Product_A,Night,9,7.71,1.55,0.53,95.35,96.71,22.0,435.01,383,264,119,119,39.57,3.01,230,6,4153.8,Shortfall
2024-03-10,M02,Product_A,Night,22,10.82,0.62,1.69,90.54,97.77,34.6,219.1,532,405,127,127,40.96,3.1,230,14,9982.0,Shortfall
2024-03-10,M04,Product_B,Evening,16,8.74,2.42,1.95,96.41,96.1,27.4,634.84,380,264,116,116,39.25,2.96,200,10,5920.0,Shortfall
2024-03-10,M04,Product_C,Night,22,11.87,2.94,1.82,85.42,99.61,34.4,535.19,430,300,130,130,31.2,4.17,230,14,13427.4,Shortfall
2024-03-10,M01,Product_A,Morning,9,11.41,1.62,0.28,81.69,91.91,36.3,289.1,614,339,275,275,32.53,8.45,180,6,9126.0,Shortfall
2024-03-10,M01,Product_B,Morning,28,11.28,2.55,1.44,76.25,94.62,36.0,357.19,588,298,290,290,31.79,9.12,180,17,27907.2,Shortfall
2024-03-10,M03,Product_B,Evening,30,11.07,1.42,0.94,91.76,93.62,37.0,206.77,541,426,115,115,42.77,2.69,200,18,9684.0,Shortfall
2024-03-11,M02,Product_C,Morning,23,10.81,0.72,0.0,89.53,97.76,31.0,247.77,449,384,65,65,36.87,1.76,180,14,4435.2,Shortfall
2024-03-11,M05,Product_B,Night,19,9.57,1.14,0.95,83.49,89.45,24.3,395.05,413,262,151,151,30.43,4.96,230,12,13689.6,Shortfall
2024-03-11,M02,Product_A,Night,28,9.39,1.2,1.1,77.0,91.13,32.3,601.98,451,321,130,130,38.47,3.38,230,17,13215.8,Shortfall
2024-03-11,M01,Product_A,Evening,27,9.42,1.43,0.28,75.94,93.35,27.2,328.68,517,327,190,190,38.31,4.96,200,17,16864.0,Shortfall
2024-03-12,M03,Product_A,Morning,26,10.86,1.36,1.22,80.3,97.47,28.3,480.03,618,450,168,168,46.46,3.62,180,16,10425.6,Shortfall
2024-03-12,M02,Product_C,Morning,13,7.79,2.3,0.47,76.29,99.13,34.9,250.19,330,183,147,147,28.77,5.11,180,8,7358.4,Shortfall
2024-03-12,M02,Product_A,Night,29,10.43,0.99,0.47,98.4,91.55,32.5,183.05,498,430,68,68,44.23,1.54,230,18,6375.6,Shortfall
2024-03-12,M04,Product_B,Evening,25,10.28,1.71,1.12,96.06,97.06,29.2,342.14,480,405,75,75,45.26,1.66,200,15,4980.0,Shortfall
2024-03-12,M01,Product_B,Morning,22,6.9,1.98,1.12,87.03,98.08,25.1,585.7,360,232,128,128,42.81,2.99,180,14,7534.8,Shortfall
2024-03-12,M05,Product_C,Morning,30,7.97,0.39,0.46,86.85,88.52,36.6,524.92,334,245,89,89,32.26,2.76,180,18,8942.4,Shortfall
2024-03-12,M02,Product_A,Morning,26,7.15,0.44,0.21,90.59,93.63,29.6,192.35,388,326,62,62,47.7,1.3,180,16,3744.0,Shortfall
2024-03-12,M02,Product_B,Evening,28,8.29,0.35,1.5,99.66,98.92,34.4,487.3,399,363,36,36,47.94,0.75,200,17,2550.0,Shortfall
2024-03-13,M03,Product_C,Morning,9,9.11,0.82,0.03,91.61,99.67,37.1,468.76,421,275,146,146,31.8,4.59,180,6,4957.2,Shortfall
2024-03-13,M02,Product_A,Morning,21,9.42,0.43,0.82,82.4,97.26,36.1,317.08,488,364,124,124,40.91,3.03,180,13,7090.2,Shortfall
2024-03-13,M04,Product_B,Morning,9,8.92,0.87,0.08,82.99,95.85,30.8,276.68,412,249,163,163,29.6,5.51,180,6,5950.8,Shortfall
2024-03-13,M02,Product_B,Morning,9,7.4,2.83,1.53,77.39,98.9,31.3,201.42,342,177,165,165,33.35,4.95,180,6,5346.0,Shortfall
2024-03-13,M03,Product_A,Night,15,7.48,1.7,1.35,96.37,95.92,22.3,511.78,411,281,130,130,46.27,2.81,230,9,5816.7,Shortfall
2024-03-14,M04,Product_B,Morning,16,9.92,2.62,1.43,85.36,92.12,37.7,448.83,467,254,213,213,31.84,6.69,180,10,12042.0,Shortfall
2024-03-14,M01,Product_B,Night,23,6.59,0.09,0.83,91.61,96.09,29.0,241.94,302,254,48,48,40.64,1.18,230,14,3799.6,Shortfall
2024-03-14,M02,Product_A,Evening,20,7.13,1.95,1.2,90.72,97.75,22.2,383.03,375,247,128,128,43.81,2.92,200,12,7008.0,Shortfall
2024-03-14,M04,Product_B,Night,19,10.14,2.88,0.96,79.04,91.5,36.4,406.33,440,235,205,205,28.59,7.17,230,12,19789.2,Shortfall
2024-03-14,M02,Product_B,Night,17,10.12,0.23,1.01,92.3,88.55,20.1,201.39,442,280,162,162,29.05,5.58,230,11,14117.4,Shortfall
2024-03-14,M02,Product_A,Evening,24,7.24,2.93,1.78,76.11,92.07,34.7,503.17,385,180,205,205,35.96,5.7,200,15,17100.0,Shortfall
2024-03-14,M03,Product_B,Morning,27,11.06,1.31,1.43,78.33,93.11,25.6,436.09,562,389,173,173,39.54,4.38,180,17,13402.8,Shortfall
2024-03-14,M04,Product_A,Morning,9,9.98,2.56,1.92,94.82,92.28,22.7,538.69,543,313,230,230,39.62,5.81,180,6,6274.8,Shortfall
2024-03-15,M01,Product_A,Evening,10,7.54,2.56,1.05,97.85,91.36,27.0,496.72,430,251,179,179,43.54,4.11,200,6,4932.0,Shortfall
2024-03-15,M03,Product_B,Morning,12,9.16,0.77,0.33,94.41,90.07,25.2,579.67,480,359,121,121,41.64,2.91,180,8,4190.4,Shortfall
2024-03-15,M01,Product_B,Morning,30,6.88,2.67,1.81,80.15,88.39,29.6,333.23,335,181,154,154,37.88,4.07,180,18,13186.8,Shortfall
2024-03-15,M04,Product_B,Evening,23,7.93,1.99,0.73,90.13,94.64,25.4,327.62,347,259,88,88,39.36,2.24,200,14,6272.0,Shortfall
2024-03-15,M03,Product_C,Evening,14,11.68,1.07,0.39,78.18,89.31,36.8,219.28,507,301,206,206,27.48,7.5,200,9,13500.0,Shortfall
2024-03-15,M02,Product_A,Morning,10,6.25,0.45,1.33,88.93,93.1,31.6,499.39,351,187,164,164,33.77,4.86,180,6,5248.8,Shortfall
2024-03-15,M05,Product_A,Evening,23,10.06,1.97,1.17,96.74,90.33,28.4,237.08,542,401,141,141,46.81,3.01,200,14,8428.0,Shortfall
2024-03-15,M04,Product_C,Morning,18,7.07,1.58,1.5,93.07,98.66,33.4,427.17,274,204,70,70,35.94,1.95,180,11,3861.0,Shortfall
2024-03-15,M01,Product_B,Morning,15,8.89,0.39,1.27,90.07,89.76,22.7,212.21,438,288,150,150,34.99,4.29,180,9,6949.8,Shortfall
2024-03-15,M01,Product_B,Evening,19,6.93,2.9,0.76,75.84,92.63,33.6,305.59,345,151,194,194,29.79,6.51,200,12,15624.0,Shortfall
2024-03-16,M02,Product_A,Morning,8,11.66,0.77,0.11,82.06,89.37,34.9,532.54,621,366,255,255,32.68,7.8,180,5,7020.0,Shortfall
2024-03-16,M05,Product_C,Evening,10,8.18,0.38,0.09,78.31,92.2,27.3,416.25,331,200,131,131,25.19,5.2,200,6,6240.0,Shortfall
2024-03-16,M05,Product_B,Evening,27,10.12,2.43,1.79,92.96,93.35,27.6,590.38,465,357,108,108,43.77,2.47,200,17,8398.0,Shortfall
2024-03-16,M04,Product_B,Evening,14,7.96,0.95,0.96,78.33,90.49,27.7,316.96,355,208,147,147,29.29,5.02,200,9,9036.0,Shortfall
2024-03-16,M05,Product_C,Evening,24,9.9,2.89,1.31,98.08,92.9,24.9,449.75,395,298,97,97,37.95,2.56,200,15,7680.0,Shortfall
2024-03-16,M04,Product_A,Evening,25,11.96,2.74,0.07,84.03,90.11,27.7,224.96,627,402,225,225,38.55,5.84,200,15,17520.0,Shortfall
2024-03-17,M02,Product_C,Evening,18,10.02,1.57,1.34,89.13,96.02,20.3,614.03,399,301,98,98,34.65,2.83,200,11,6226.0,Shortfall
2024-03-18,M05,Product_C,Evening,24,8.66,1.73,1.41,93.92,98.65,20.3,293.94,369,288,81,81,39.92,2.03,200,15,6090.0,Shortfall
2024-03-18,M04,Product_B,Morning,9,8.77,0.66,0.46,97.77,90.19,34.0,617.22,406,274,132,132,33.23,3.97,180,6,4287.6,Shortfall
2024-03-18,M05,Product_B,Evening,17,11.02,0.86,0.24,99.0,93.94,21.2,593.49,530,440,90,90,42.05,2.14,200,11,4708.0,Shortfall
2024-03-18,M02,Product_C,Morning,24,9.51,1.67,1.76,97.53,93.05,21.1,586.75,394,322,72,72,40.37,1.78,180,15,4806.0,Shortfall
2024-03-18,M04,Product_B,Morning,30,8.96,2.15,1.35,79.57,88.02,32.1,577.06,424,240,184,184,32.85,5.6,180,18,18144.0,Shortfall
2024-03-18,M04,Product_C,Morning,27,8.45,1.64,0.8,83.25,94.46,34.0,360.03,351,235,116,116,32.33,3.59,180,17,10985.4,Shortfall
2024-03-18,M02,Product_A,Night,15,8.77,0.61,0.46,99.97,89.49,32.3,211.58,450,328,122,122,39.64,3.08,230,9,6375.6,Shortfall
2024-03-19,M03,Product_A,Evening,15,8.59,1.16,1.61,86.09,98.35,36.9,448.79,506,306,200,200,41.42,4.83,200,9,8694.0,Shortfall
2024-03-19,M01,Product_A,Morning,30,8.55,2.67,0.91,77.06,97.69,26.3,202.43,494,295,199,199,43.62,4.56,180,18,14774.4,Shortfall
2024-03-19,M01,Product_B,Morning,25,6.06,0.53,1.03,92.75,88.56,37.4,251.42,301,198,103,103,36.61,2.81,180,15,7587.0,Shortfall
2024-03-19,M04,Product_C,Evening,16,11.21,0.24,0.67,91.11,96.32,36.0,618.1,437,330,107,107,30.43,3.52,200,10,7040.0,Shortfall
2024-03-19,M02,Product_C,Evening,29,9.44,2.03,0.41,91.18,97.8,37.7,304.51,364,280,84,84,34.23,2.45,200,18,8820.0,Shortfall
2024-03-20,M03,Product_A,Morning,25,11.29,0.35,1.02,75.44,98.61,29.8,411.0,643,458,185,185,42.64,4.34,180,15,11718.0,Shortfall
2024-03-20,M02,Product_B,Night,24,11.94,1.19,0.8,95.42,97.15,34.4,195.6,502,430,72,72,39.07,1.84,230,15,6348.0,Shortfall
2024-03-20,M04,Product_B,Morning,16,7.42,1.56,0.48,80.38,91.96,27.1,401.81,355,213,142,142,33.31,4.26,180,10,7668.0,Shortfall
2024-03-20,M05,Product_C,Morning,18,8.13,1.43,1.96,94.07,93.99,23.5,451.09,356,246,110,110,36.95,2.98,180,11,5900.4,Shortfall
2024-03-21,M01,Product_B,Morning,17,8.01,0.81,1.18,77.72,91.28,28.7,441.65,399,247,152,152,34.54,4.4,180,11,8712.0,Shortfall
2024-03-21,M03,Product_C,Morning,20,8.99,2.12,0.02,76.65,95.2,30.7,351.57,384,273,111,111,34.92,3.18,180,12,6868.8,Shortfall
2024-03-21,M04,Product_A,Evening,12,9.37,2.57,0.43,96.99,88.31,22.0,326.06,496,285,211,211,36.51,5.78,200,8,9248.0,Shortfall
2024-03-21,M04,Product_B,Morning,23,8.98,1.66,0.49,77.68,89.12,26.7,382.93,404,256,148,148,32.42,4.57,180,14,11516.4,Shortfall
2024-03-21,M05,Product_C,Evening,25,11.6,1.61,1.25,81.74,89.35,34.2,404.99,499,282,217,217,27.44,7.91,200,15,23730.0,Shortfall
2024-03-21,M04,Product_A,Night,14,10.57,2.06,1.08,89.53,90.96,33.7,637.6,516,312,204,204,34.44,5.92,230,9,12254.4,Shortfall
2024-03-21,M03,Product_A,Morning,9,9.62,1.96,1.0,91.51,97.65,21.4,414.34,534,371,163,163,45.29,3.6,180,6,3888.0,Shortfall
2024-03-21,M03,Product_A,Morning,8,11.67,0.41,1.71,95.35,89.74,29.4,367.24,697,444,253,253,40.94,6.18,180,5,5562.0,Shortfall
2024-03-21,M04,Product_A,Night,19,10.35,1.46,0.82,78.43,99.04,28.2,486.97,477,332,145,145,35.85,4.04,230,12,11150.4,Shortfall
2024-03-21,M04,Product_C,Morning,15,8.0,1.26,1.97,92.71,93.78,23.7,596.36,307,232,75,75,35.06,2.14,180,9,3466.8,Shortfall
2024-03-22,M03,Product_C,Night,9,11.41,1.93,1.87,75.06,95.84,34.7,488.25,461,225,236,236,23.21,10.17,230,6,14034.6,Shortfall
2024-03-22,M03,Product_A,Morning,23,7.44,0.41,0.65,82.34,94.22,33.4,364.94,410,317,93,93,45.37,2.05,180,14,5166.0,Shortfall
2024-03-22,M02,Product_C,Evening,12,7.62,1.76,1.49,81.85,94.5,22.2,490.28,304,151,153,153,24.63,6.21,200,8,9936.0,Shortfall
2024-03-22,M02,Product_C,Evening,16,6.89,1.27,0.59,78.73,99.2,31.1,601.06,288,186,102,102,31.08,3.28,200,10,6560.0,Shortfall
2024-03-22,M03,Product_B,Morning,27,7.1,0.82,1.79,93.86,96.09,27.4,209.69,374,281,93,93,46.66,1.99,180,17,6089.4,Shortfall
2024-03-22,M03,Product_B,Morning,28,9.8,1.1,0.42,99.22,90.23,28.2,610.98,513,420,93,93,46.42,2.0,180,17,6120.0,Shortfall
2024-03-22,M02,Product_C,Evening,29,10.97,1.16,0.82,88.59,96.58,26.2,518.55,440,362,78,78,36.04,2.16,200,18,7776.0,Shortfall
2024-03-23,M04,Product_B,Evening,8,7.2,2.79,0.75,86.31,91.26,27.7,289.41,332,158,174,174,29.24,5.95,200,5,5950.0,Shortfall
2024-03-23,M01,Product_B,Evening,14,6.79,2.89,1.43,86.61,99.95,22.4,513.75,316,162,154,154,34.47,4.47,200,9,8046.0,Shortfall
2024-03-23,M05,Product_C,Evening,20,6.91,1.91,1.34,92.25,91.06,28.1,591.58,285,181,104,104,33.58,3.1,200,12,7440.0,Shortfall
2024-03-23,M05,Product_B,Night,15,6.29,2.8,0.19,76.71,93.7,28.8,527.52,268,161,107,107,34.38,3.11,230,9,6437.7,Shortfall
2024-03-23,M03,Product_C,Morning,9,6.43,2.44,1.7,94.23,92.01,37.1,219.74,288,143,145,145,31.83,4.56,180,6,4924.8,Shortfall
2024-03-23,M03,Product_B,Evening,11,6.24,1.76,0.96,89.24,90.37,28.0,381.96,310,166,144,144,33.63,4.28,200,7,5992.0,Shortfall
2024-03-24,M02,Product_A,Evening,24,9.69,2.01,0.76,85.09,90.72,21.4,587.22,492,345,147,147,41.47,3.54,200,15,10620.0,Shortfall
2024-03-24,M02,Product_A,Evening,21,9.02,2.62,1.39,99.14,89.63,32.4,298.83,468,311,157,157,43.85,3.58,200,13,9308.0,Shortfall
2024-03-24,M01,Product_A,Evening,29,7.81,2.92,1.25,78.19,94.47,24.8,279.62,441,239,202,202,41.45,4.87,200,18,17532.0,Shortfall
2024-03-24,M03,Product_B,Morning,10,7.86,1.54,1.51,94.61,96.34,30.6,483.38,397,268,129,129,41.33,3.12,180,6,3369.6,Shortfall
2024-03-24,M01,Product_B,Morning,27,9.11,2.09,0.7,84.37,98.26,30.5,409.66,432,332,100,100,43.03,2.32,180,17,7099.2,Shortfall
2024-03-24,M05,Product_B,Evening,9,11.67,2.54,1.44,82.3,91.15,29.7,412.33,572,305,267,267,31.22,8.55,200,6,10260.0,Shortfall
2024-03-24,M03,Product_C,Evening,24,8.42,0.03,0.1,84.79,97.37,33.7,359.66,373,273,100,100,32.62,3.07,200,15,9210.0,Shortfall
2024-03-24,M02,Product_A,Morning,9,8.52,1.71,1.65,88.31,89.56,23.8,392.99,476,268,208,208,38.27,5.44,180,6,5875.2,Shortfall
2024-03-24,M04,Product_A,Morning,16,8.5,2.43,1.7,98.66,99.32,22.7,519.3,443,313,130,130,47.65,2.73,180,10,4914.0,Shortfall
2024-03-25,M01,Product_A,Night,9,7.72,2.38,1.15,81.87,91.9,21.5,187.55,406,166,240,240,27.63,8.69,230,6,11992.2,Shortfall
2024-03-25,M05,Product_B,Morning,27,6.0,1.79,1.29,79.01,99.59,26.5,208.73,298,161,137,137,35.28,3.88,180,17,11872.8,Shortfall
2024-03-25,M03,Product_B,Evening,21,8.69,1.43,1.02,76.92,96.96,34.9,337.85,415,261,154,154,34.59,4.45,200,13,11570.0,Shortfall
2024-03-25,M01,Product_B,Morning,17,11.46,2.48,0.63,96.21,91.31,20.7,191.5,596,412,184,184,41.72,4.41,180,11,8731.8,Shortfall
2024-03-25,M04,Product_C,Evening,16,7.71,0.05,1.97,77.09,92.32,37.7,278.79,299,177,122,122,25.31,4.82,200,10,9640.0,Shortfall
2024-03-25,M03,Product_A,Morning,25,11.36,1.39,1.41,85.71,93.15,32.5,606.97,674,457,217,217,45.24,4.8,180,15,12960.0,Shortfall
2024-03-26,M05,Product_B,Evening,26,9.59,1.4,1.18,79.43,89.01,23.4,250.41,460,289,171,171,34.38,4.97,200,16,15904.0,Shortfall
2024-03-26,M05,Product_A,Morning,12,10.62,2.13,0.85,90.42,93.03,33.8,391.84,562,352,210,210,38.47,5.46,180,8,7862.4,Shortfall
2024-03-26,M02,Product_B,Night,14,7.83,0.03,0.98,97.43,90.08,28.6,327.15,339,221,118,118,29.58,3.99,230,9,8259.3,Shortfall
2024-03-26,M02,Product_B,Evening,10,11.1,1.85,1.74,98.46,92.47,32.4,356.09,498,355,143,143,37.47,3.82,200,6,4584.0,Shortfall
2024-03-26,M03,Product_A,Morning,28,6.44,1.09,1.67,91.0,93.13,31.3,604.75,362,292,70,70,55.56,1.26,180,17,3855.6,Shortfall
2024-03-26,M01,Product_C,Morning,16,10.84,1.76,0.64,98.67,93.25,35.4,322.06,448,360,88,88,37.31,2.36,180,10,4248.0,Shortfall
2024-03-26,M04,Product_B,Morning,9,11.39,0.91,1.56,86.73,89.99,31.9,560.35,540,317,223,223,30.65,7.28,180,6,7862.4,Shortfall
2024-03-26,M05,Product_A,Evening,29,7.4,0.46,0.05,97.64,96.97,25.7,184.45,402,376,26,26,52.74,0.49,200,18,1764.0,Shortfall
2024-03-26,M02,Product_C,Morning,16,7.5,0.56,1.77,76.05,94.79,36.8,200.99,301,187,114,114,28.45,4.01,180,10,7218.0,Shortfall
2024-03-26,M04,Product_A,Morning,23,6.31,0.63,0.78,89.76,95.15,20.5,241.39,336,256,80,80,44.99,1.78,180,14,4485.6,Shortfall
2024-03-26,M03,Product_A,Morning,19,11.42,2.7,1.39,94.62,99.37,20.1,525.71,640,494,146,146,52.28,2.79,180,12,6026.4,Shortfall
2024-03-26,M04,Product_B,Morning,24,10.5,2.85,1.05,86.59,99.98,26.2,307.65,497,329,168,168,38.41,4.37,180,15,11799.0,Shortfall
2024-03-26,M04,Product_B,Morning,11,9.24,0.42,0.09,92.0,88.07,36.5,340.16,413,280,133,133,31.19,4.26,180,7,5367.6,Shortfall
2024-03-26,M04,Product_B,Night,29,6.45,1.84,0.28,88.73,90.85,26.2,351.28,263,193,70,70,36.14,1.94,230,18,8031.6,Shortfall
2024-03-27,M05,Product_A,Morning,16,6.78,0.82,0.93,83.99,99.91,27.6,560.58,367,263,104,104,43.81,2.37,180,10,4266.0,Shortfall
2024-03-27,M05,Product_C,Night,14,11.34,1.25,1.68,81.73,93.97,31.5,411.14,447,278,169,169,27.62,6.12,230,9,12668.4,Shortfall
2024-03-27,M02,Product_B,Evening,26,6.51,1.04,1.5,87.56,98.98,31.6,532.57,303,216,87,87,39.9,2.18,200,16,6976.0,Shortfall
2024-03-28,M02,Product_B,Evening,16,8.48,1.51,2.0,77.3,99.29,35.1,568.21,395,209,186,186,30.07,6.19,200,10,12380.0,Shortfall
2024-03-28,M05,Product_A,Night,26,9.89,2.72,1.3,80.04,88.1,31.7,535.93,499,280,219,219,35.27,6.21,230,16,22852.8,Shortfall
2024-03-28,M04,Product_B,Morning,9,11.67,2.46,0.87,81.94,92.16,35.7,255.1,523,280,243,243,27.97,8.69,180,6,9385.2,Shortfall
2024-03-28,M04,Product_C,Morning,20,10.85,0.06,0.7,89.9,96.64,22.2,211.81,419,344,75,75,32.54,2.3,180,12,4968.0,Shortfall
2024-03-28,M04,Product_B,Evening,10,9.08,0.24,0.26,90.56,92.01,22.9,357.65,418,292,126,126,32.97,3.82,200,6,4584.0,Shortfall
2024-03-29,M05,Product_A,Morning,14,6.68,2.03,0.07,96.86,94.99,36.0,514.95,370,267,103,103,48.2,2.14,180,9,3466.8,Shortfall
2024-03-29,M01,Product_A,Night,19,6.41,2.64,0.4,95.45,95.91,27.1,605.81,317,226,91,91,46.91,1.94,230,12,5354.4,Shortfall
2024-03-29,M03,Product_A,Evening,17,7.68,0.95,0.92,95.48,99.5,23.7,399.3,422,353,69,69,51.64,1.34,200,11,2948.0,Shortfall
2024-03-29,M02,Product_B,Evening,9,11.7,2.83,1.51,75.64,97.4,28.8,482.82,548,265,283,283,27.56,10.27,200,6,12324.0,Shortfall
2024-03-29,M05,Product_A,Evening,19,8.89,0.38,1.91,85.91,94.86,25.5,630.63,484,346,138,138,43.18,3.2,200,12,7680.0,Shortfall
2024-03-29,M02,Product_C,Morning,21,8.51,2.46,0.12,78.22,93.6,27.7,518.32,358,215,143,143,30.22,4.73,180,13,11068.2,Shortfall
2024-03-29,M03,Product_C,Morning,21,6.2,2.73,1.11,90.42,92.96,36.3,528.46,270,140,130,130,32.48,4.0,180,13,9360.0,Shortfall
2024-03-30,M01,Product_C,Night,10,7.92,2.87,1.87,84.98,90.54,27.9,204.27,301,146,155,155,25.67,6.04,230,6,8335.2,Shortfall
2024-03-30,M01,Product_B,Evening,22,6.54,1.65,1.93,85.59,99.11,29.7,203.96,305,172,133,133,34.7,3.83,200,14,10724.0,Shortfall
2024-03-30,M05,Product_A,Morning,16,9.58,0.36,1.3,98.45,88.77,29.6,287.01,520,390,130,130,43.69,2.98,180,10,5364.0,Shortfall
2024-03-30,M01,Product_B,Morning,22,11.47,1.71,0.42,84.39,95.36,31.2,450.6,565,402,163,163,38.72,4.21,180,14,10609.2,Shortfall
2024-03-30,M02,Product_B,Morning,15,7.9,1.53,1.07,76.7,95.16,24.3,290.3,370,218,152,152,32.62,4.66,180,9,7549.2,Shortfall
2024-03-30,M03,Product_A,Morning,17,10.76,2.4,1.88,97.67,95.78,26.3,351.05,621,452,169,169,51.47,3.28,180,11,6494.4,Shortfall
2024-03-30,M01,Product_B,Night,24,7.26,0.26,0.57,94.81,92.02,33.9,506.93,335,274,61,61,39.61,1.54,230,15,5313.0,Shortfall
2024-03-30,M01,Product_C,Night,16,8.18,1.82,1.95,92.54,91.2,32.9,593.28,322,215,107,107,33.09,3.23,230,10,7429.0,Shortfall
2024-03-30,M05,Product_A,Morning,26,7.61,2.32,0.86,89.43,91.21,35.0,586.3,402,269,133,133,44.59,2.98,180,16,8582.4,Shortfall
2024-03-30,M03,Product_B,Evening,13,7.35,1.83,0.04,87.78,99.89,30.9,295.53,351,253,98,98,39.97,2.45,200,8,3920.0,Shortfall
2024-03-30,M05,Product_C,Evening,17,7.67,2.59,1.69,87.14,94.78,25.0,358.87,318,177,141,141,31.31,4.5,200,11,9900.0,Shortfall
2024-03-30,M01,Product_B,Evening,25,10.49,0.26,0.97,90.25,88.75,36.5,399.54,500,373,127,127,37.27,3.41,200,15,10230.0,Shortfall
2024-03-30,M02,Product_B,Night,13,10.77,1.82,1.55,98.79,88.67,27.9,516.22,470,316,154,154,34.25,4.5,230,8,8280.0,Shortfall
2024-03-30,M05,Product_A,Morning,30,11.8,0.12,0.7,98.11,99.35,31.3,202.81,633,641,-8,0,55.79,0.0,180,18,0.0,Target Met
2024-03-31,M02,Product_A,Morning,8,8.28,2.33,0.25,98.14,92.65,33.2,303.53,449,249,200,200,36.03,5.55,180,5,4995.0,Shortfall
2024-03-31,M04,Product_A,Night,17,8.24,1.67,0.32,88.7,95.89,26.9,285.51,396,274,122,122,38.01,3.21,230,11,8121.3,Shortfall
2024-03-31,M02,Product_C,Evening,19,9.74,0.86,1.27,77.18,90.17,29.6,633.4,396,249,147,147,28.22,5.21,200,12,12504.0,Shortfall
2024-04-01,M02,Product_C,Night,13,8.37,2.02,0.28,78.04,95.69,30.8,600.86,326,167,159,159,23.32,6.82,230,8,12548.8,Shortfall
2024-04-01,M05,Product_C,Evening,9,8.57,2.69,1.47,97.88,98.89,29.3,213.49,356,218,138,138,33.15,4.16,200,6,4992.0,Shortfall
2024-04-01,M01,Product_A,Morning,29,10.16,0.04,0.19,97.95,99.51,34.0,319.63,597,576,21,21,57.19,0.37,180,18,1198.8,Minor Shortfall
2024-04-01,M04,Product_A,Night,28,9.28,2.62,0.89,92.57,99.79,27.0,509.34,437,345,92,92,45.83,2.01,230,17,7859.1,Shortfall
2024-04-01,M04,Product_C,Evening,15,6.23,2.37,1.75,90.65,91.03,37.7,482.78,249,133,116,116,30.83,3.76,200,9,6768.0,Shortfall
2024-04-01,M02,Product_B,Morning,12,6.28,0.09,0.82,77.39,96.14,30.5,422.84,305,200,105,105,33.65,3.12,180,8,4492.8,Shortfall
2024-04-01,M03,Product_B,Evening,30,8.56,0.19,0.45,99.49,94.4,20.4,597.53,430,414,16,16,49.89,0.32,200,18,1152.0,Minor Shortfall
2024-04-01,M05,Product_B,Evening,24,7.59,2.64,1.37,82.88,90.07,24.9,259.69,363,198,165,165,34.99,4.72,200,15,14160.0,Shortfall
2024-04-01,M04,Product_A,Morning,12,7.52,2.19,0.14,99.42,97.16,30.6,455.72,387,290,97,97,46.28,2.1,180,8,3024.0,Shortfall
2024-04-01,M03,Product_C,Evening,14,8.34,1.85,1.2,77.46,98.04,36.6,295.2,363,182,181,181,26.37,6.86,200,9,12348.0,Shortfall
2024-04-02,M04,Product_A,Evening,28,6.31,0.81,1.66,87.72,95.11,27.1,205.11,324,233,91,91,44.1,2.06,200,17,7004.0,Shortfall
2024-04-02,M03,Product_B,Night,12,8.5,2.63,0.34,84.64,90.08,32.8,254.51,395,205,190,190,29.56,6.43,230,8,11831.2,Shortfall
2024-04-02,M03,Product_B,Night,22,6.44,1.77,0.61,83.78,97.0,33.6,208.49,309,192,117,117,36.55,3.2,230,14,10304.0,Shortfall
2024-04-02,M02,Product_B,Night,16,11.0,1.24,1.82,93.15,94.49,25.2,317.96,467,331,136,136,34.19,3.98,230,10,9154.0,Shortfall
2024-04-02,M04,Product_C,Night,30,8.66,0.37,0.99,95.93,95.07,20.2,405.05,325,279,46,46,34.4,1.34,230,18,5547.6,Shortfall
2024-04-02,M04,Product_B,Morning,11,10.36,1.85,1.44,98.28,99.84,20.3,355.93,461,337,124,124,38.13,3.25,180,7,4095.0,Shortfall
2024-04-02,M05,Product_A,Morning,9,7.57,0.73,0.37,82.86,91.94,34.1,380.81,403,248,155,155,35.23,4.4,180,6,4752.0,Shortfall
2024-04-02,M03,Product_A,Morning,16,10.85,0.38,1.19,95.89,92.31,32.4,466.1,607,501,106,106,49.0,2.16,180,10,3888.0,Shortfall
2024-04-02,M05,Product_A,Morning,24,11.29,2.06,0.1,76.14,89.46,36.8,272.06,612,356,256,256,35.17,7.28,180,15,19656.0,Shortfall
2024-04-02,M01,Product_A,Evening,24,10.21,2.16,0.86,88.59,91.02,34.5,490.94,582,381,201,201,43.69,4.6,200,15,13800.0,Shortfall
2024-04-03,M04,Product_A,Morning,21,9.39,1.58,1.25,76.9,91.76,36.8,241.6,485,261,224,224,32.29,6.94,180,13,16239.6,Shortfall
2024-04-03,M02,Product_C,Morning,20,11.58,0.38,0.01,94.42,90.17,28.2,376.74,482,370,112,112,32.55,3.44,180,12,7430.4,Shortfall
2024-04-03,M03,Product_C,Evening,18,7.7,2.2,0.2,89.47,92.85,29.7,472.62,337,219,118,118,34.11,3.46,200,11,7612.0,Shortfall
2024-04-03,M02,Product_A,Evening,17,8.03,1.16,1.6,86.23,96.1,29.7,515.81,428,281,147,147,41.13,3.57,200,11,7854.0,Shortfall
2024-04-03,M01,Product_B,Evening,27,11.02,0.76,0.49,75.62,92.48,25.4,492.57,508,381,127,127,36.53,3.48,200,17,11832.0,Shortfall
2024-04-03,M03,Product_B,Morning,24,9.05,1.28,1.14,85.22,99.12,25.5,381.18,465,333,132,132,41.9,3.15,180,15,8505.0,Shortfall
2024-04-03,M05,Product_C,Night,27,6.76,1.81,1.11,85.02,88.8,31.5,232.83,270,151,119,119,28.09,4.24,230,17,16578.4,Shortfall
2024-04-04,M05,Product_B,Evening,9,11.34,1.97,0.34,91.41,93.54,37.8,580.79,552,323,229,229,31.86,7.19,200,6,8628.0,Shortfall
2024-04-04,M05,Product_C,Evening,29,10.29,2.07,0.63,92.39,95.98,36.1,516.83,417,307,110,110,34.37,3.2,200,18,11520.0,Shortfall
2024-04-04,M04,Product_B,Night,12,11.76,0.47,1.82,80.41,99.44,35.8,231.91,493,313,180,180,28.81,6.25,230,8,11500.0,Shortfall
2024-04-04,M04,Product_B,Morning,30,11.47,2.68,1.75,82.02,91.42,35.9,409.14,550,318,232,232,33.89,6.85,180,18,22194.0,Shortfall
2024-04-04,M01,Product_B,Evening,23,11.69,0.26,1.24,85.75,91.5,21.6,196.81,551,408,143,143,36.71,3.9,200,14,10920.0,Shortfall
2024-04-04,M03,Product_C,Morning,17,9.88,2.41,0.45,95.25,99.44,23.3,196.67,443,308,135,135,36.68,3.68,180,11,7286.4,Shortfall
2024-04-04,M02,Product_C,Evening,8,7.72,0.93,1.74,89.01,95.52,37.0,342.22,320,158,162,162,23.94,6.77,200,5,6770.0,Shortfall
2024-04-04,M01,Product_A,Morning,20,9.34,2.6,0.1,86.2,94.9,31.8,595.38,521,359,162,162,45.59,3.55,180,12,7668.0,Shortfall
2024-04-04,M05,Product_A,Evening,13,8.6,0.12,1.12,75.58,97.81,28.6,384.43,475,300,175,175,36.85,4.75,200,8,7600.0,Shortfall
2024-04-05,M05,Product_A,Morning,19,10.22,1.55,0.32,79.0,89.22,28.9,222.97,588,349,239,239,37.71,6.34,180,12,13694.4,Shortfall
2024-04-05,M04,Product_A,Evening,14,9.17,2.2,0.56,86.45,91.27,20.2,628.18,448,272,176,176,35.03,5.02,200,9,9036.0,Shortfall
2024-04-05,M03,Product_A,Evening,25,11.99,1.22,0.92,89.16,95.1,26.3,241.31,662,531,131,131,48.29,2.71,200,15,8130.0,Shortfall
2024-04-05,M01,Product_A,Night,29,9.07,2.41,0.33,97.16,92.48,22.1,392.62,451,371,80,80,48.63,1.65,230,18,6831.0,Shortfall
2024-04-05,M02,Product_A,Morning,13,6.02,2.38,0.04,96.91,95.06,24.9,532.99,322,208,114,114,44.28,2.57,180,8,3700.8,Shortfall
2024-04-05,M02,Product_A,Evening,28,9.09,1.01,0.58,94.38,94.75,37.6,520.61,456,358,98,98,42.97,2.28,200,17,7752.0,Shortfall
2024-04-05,M05,Product_A,Night,14,9.37,0.37,0.59,79.8,99.46,23.3,208.37,470,325,145,145,36.27,4.0,230,9,8280.0,Shortfall
2024-04-05,M03,Product_A,Night,15,7.49,1.99,0.87,98.25,97.22,26.5,484.9,401,278,123,123,45.64,2.7,230,9,5589.0,Shortfall
2024-04-05,M04,Product_B,Evening,20,7.47,0.75,1.02,79.18,98.91,31.4,555.38,335,232,103,103,34.62,2.98,200,12,7152.0,Shortfall
2024-04-05,M05,Product_B,Night,29,9.82,0.21,0.35,89.08,90.14,23.1,286.44,438,365,73,73,38.09,1.92,230,18,7948.8,Shortfall
2024-04-06,M02,Product_B,Morning,27,9.05,2.03,1.25,96.87,97.51,24.8,398.63,424,354,70,70,47.23,1.48,180,17,4528.8,Shortfall
2024-04-06,M01,Product_C,Evening,12,7.0,1.37,1.81,93.16,90.63,32.9,486.19,304,184,120,120,32.78,3.66,200,8,5856.0,Shortfall
2024-04-06,M02,Product_A,Morning,16,9.22,1.48,0.99,88.31,98.75,24.5,502.36,518,367,151,151,45.54,3.32,180,10,5976.0,Shortfall
2024-04-06,M03,Product_B,Evening,26,11.41,1.05,1.21,90.74,93.72,27.6,206.66,562,449,113,113,43.14,2.62,200,16,8384.0,Shortfall
2024-04-06,M03,Product_B,Night,9,10.23,1.52,1.76,97.77,91.09,25.1,349.77,499,290,209,209,33.04,6.33,230,6,8735.4,Shortfall
2024-04-06,M02,Product_B,Evening,24,7.4,0.13,1.57,77.5,96.93,27.8,636.04,335,237,98,98,34.96,2.8,200,15,8400.0,Shortfall
2024-04-07,M03,Product_B,Evening,25,6.43,2.71,1.45,89.83,93.89,37.6,517.24,316,198,118,118,44.68,2.64,200,15,7920.0,Shortfall
2024-04-07,M04,Product_B,Morning,11,11.19,0.76,0.03,90.69,95.66,23.1,436.05,541,412,129,129,38.28,3.37,180,7,4246.2,Shortfall
2024-04-07,M03,Product_B,Evening,21,9.73,1.91,0.1,90.7,91.0,29.5,248.45,495,324,171,171,37.48,4.56,200,13,11856.0,Shortfall
2024-04-07,M02,Product_B,Night,24,9.33,0.12,1.01,91.05,96.95,21.4,609.96,418,358,60,60,40.18,1.49,230,15,5140.5,Shortfall
2024-04-07,M05,Product_B,Night,8,6.93,1.34,1.01,77.51,98.98,33.9,223.66,317,140,177,177,23.97,7.38,230,5,8487.0,Shortfall
2024-04-07,M01,Product_B,Night,29,10.7,1.34,1.06,91.89,99.87,36.4,545.72,500,388,112,112,40.45,2.77,230,18,11467.8,Shortfall
2024-04-07,M03,Product_B,Morning,12,6.26,1.66,1.92,83.69,98.18,22.0,421.94,329,177,152,152,37.86,4.01,180,8,5774.4,Shortfall
2024-04-07,M04,Product_B,Evening,25,7.03,1.47,1.75,75.83,99.91,34.5,575.96,304,205,99,99,36.55,2.71,200,15,8130.0,Shortfall
2024-04-07,M03,Product_B,Morning,24,7.27,2.15,1.74,79.65,93.08,22.6,425.91,360,203,157,157,37.05,4.24,180,15,11448.0,Shortfall
2024-04-08,M05,Product_B,Night,26,10.62,0.59,1.78,83.98,91.15,23.9,638.64,464,336,128,128,34.74,3.68,230,16,13542.4,Shortfall
2024-04-08,M01,Product_B,Night,23,9.97,0.92,0.7,75.62,93.48,36.7,456.86,463,288,175,175,31.24,5.6,230,14,18032.0,Shortfall
2024-04-08,M01,Product_C,Night,26,9.64,2.92,1.19,94.38,89.07,22.4,460.27,384,243,141,141,31.9,4.42,230,16,16265.6,Shortfall
2024-04-08,M03,Product_B,Morning,23,9.13,0.68,1.61,90.3,88.11,30.7,200.37,462,344,118,118,41.99,2.81,180,14,7081.2,Shortfall
2024-04-08,M01,Product_B,Morning,13,6.05,2.08,1.27,95.06,95.95,30.6,209.48,287,186,101,101,41.69,2.42,180,8,3484.8,Shortfall
2024-04-08,M02,Product_A,Evening,13,11.49,2.46,1.72,84.96,98.25,25.8,450.94,617,360,257,257,37.76,6.81,200,8,10896.0,Shortfall
2024-04-08,M01,Product_B,Morning,27,11.59,2.23,0.82,95.85,92.23,22.5,523.46,590,446,144,144,44.26,3.25,180,17,9945.0,Shortfall
2024-04-08,M01,Product_A,Evening,17,6.04,1.24,0.2,97.79,97.74,23.2,448.16,332,265,67,67,50.11,1.34,200,11,2948.0,Shortfall
2024-04-08,M05,Product_A,Evening,14,6.47,2.77,0.48,78.53,94.48,28.5,552.25,348,178,170,170,37.25,4.56,200,9,8208.0,Shortfall
2024-04-08,M03,Product_B,Evening,27,8.91,0.35,0.78,84.28,99.29,31.6,558.59,429,355,74,74,42.04,1.76,200,17,5984.0,Shortfall
2024-04-08,M03,Product_B,Evening,19,10.2,0.7,0.77,96.28,96.86,25.0,230.99,523,402,121,121,42.11,2.87,200,12,6888.0,Shortfall
2024-04-08,M02,Product_A,Evening,19,9.43,2.89,1.12,81.3,91.19,21.9,321.51,497,259,238,238,34.77,6.84,200,12,16416.0,Shortfall
2024-04-08,M05,Product_A,Morning,17,7.82,2.29,0.01,93.23,97.35,28.3,216.13,451,291,160,160,44.38,3.61,180,11,7147.8,Shortfall
2024-04-08,M02,Product_B,Evening,24,7.19,0.01,0.94,96.48,89.71,28.5,505.24,319,279,40,40,40.7,0.98,200,15,2940.0,Shortfall
2024-04-09,M05,Product_A,Evening,20,9.15,0.17,0.7,93.94,96.16,20.2,508.4,499,417,82,82,47.32,1.73,200,12,4152.0,Shortfall
2024-04-09,M05,Product_C,Morning,30,11.45,2.56,0.11,81.85,98.52,24.9,254.23,493,371,122,122,37.09,3.29,180,18,10659.6,Shortfall
2024-04-09,M02,Product_A,Night,13,7.39,1.1,1.52,80.11,99.22,21.1,469.42,366,223,143,143,35.66,4.01,230,8,7378.4,Shortfall
2024-04-09,M04,Product_B,Night,19,10.47,2.96,1.75,95.05,93.1,36.1,332.25,461,285,176,176,34.63,5.08,230,12,14020.8,Shortfall
2024-04-09,M02,Product_A,Morning,19,6.96,0.55,0.29,82.57,95.45,34.9,317.52,372,268,104,104,40.88,2.54,180,12,5486.4,Shortfall
2024-04-09,M02,Product_B,Morning,10,7.14,2.01,1.36,77.8,91.91,35.9,549.79,352,154,198,198,27.71,7.15,180,6,7722.0,Shortfall
2024-04-09,M04,Product_B,Evening,12,8.91,0.25,1.88,97.87,99.01,27.1,445.04,386,316,70,70,38.94,1.8,200,8,2880.0,Shortfall
2024-04-10,M05,Product_B,Evening,9,9.22,0.74,1.21,84.73,94.14,30.1,588.97,453,255,198,198,30.4,6.51,200,6,7812.0,Shortfall
2024-04-10,M01,Product_B,Evening,8,6.14,1.83,1.82,84.7,92.7,21.3,321.29,307,142,165,165,31.58,5.22,200,5,5220.0,Shortfall
2024-04-10,M04,Product_C,Night,15,8.55,2.38,0.2,96.75,90.72,22.1,341.34,326,220,106,106,30.68,3.46,230,9,7162.2,Shortfall
2024-04-10,M05,Product_B,Evening,23,8.39,0.21,0.03,88.85,97.5,23.9,273.92,388,346,42,42,41.87,1.0,200,14,2800.0,Shortfall
2024-04-10,M04,Product_B,Morning,12,7.71,0.07,1.89,85.96,95.36,34.9,210.08,354,221,133,133,31.53,4.22,180,8,6076.8,Shortfall
2024-04-10,M01,Product_B,Night,8,11.68,1.72,0.47,77.25,90.23,31.6,539.39,550,264,286,286,24.98,11.45,230,5,13167.5,Shortfall
2024-04-10,M03,Product_C,Evening,29,7.28,2.71,1.07,77.87,88.28,26.7,443.55,308,166,142,142,30.66,4.63,200,18,16668.0,Shortfall
2024-04-10,M02,Product_B,Morning,14,10.57,0.34,1.06,90.23,97.37,36.7,406.92,528,351,177,177,35.06,5.05,180,9,8181.0,Shortfall
2024-04-10,M04,Product_B,Night,30,9.64,1.02,0.86,91.95,98.25,35.5,478.45,417,347,70,70,39.53,1.77,230,18,7327.8,Shortfall
2024-04-10,M05,Product_C,Night,19,9.97,2.03,0.46,95.88,89.81,22.8,580.6,371,278,93,93,31.98,2.91,230,12,8031.6,Shortfall
2024-04-10,M04,Product_B,Morning,14,9.56,2.43,0.39,89.72,90.02,24.4,262.4,432,272,160,160,33.63,4.76,180,9,7711.2,Shortfall
2024-04-11,M01,Product_A,Evening,17,9.62,1.61,1.47,89.26,94.59,28.9,560.24,509,352,157,157,42.82,3.67,200,11,8074.0,Shortfall
2024-04-11,M02,Product_B,Evening,17,11.03,2.44,0.49,85.84,97.53,29.9,410.96,533,329,204,204,34.57,5.9,200,11,12980.0,Shortfall
2024-04-11,M02,Product_A,Morning,28,9.96,0.88,1.5,80.31,95.49,30.5,359.15,564,386,178,178,43.12,4.13,180,17,12637.8,Shortfall
2024-04-12,M04,Product_B,Night,16,10.37,0.92,0.86,99.36,98.29,33.9,436.24,458,352,106,106,36.81,2.88,230,10,6624.0,Shortfall
2024-04-12,M05,Product_A,Morning,23,6.47,2.07,0.39,99.8,98.45,20.3,432.68,351,265,86,86,51.01,1.69,180,14,4258.8,Shortfall
2024-04-12,M05,Product_A,Evening,17,6.08,0.26,1.41,85.45,91.37,28.1,414.27,325,219,106,106,40.23,2.63,200,11,5786.0,Shortfall
2024-04-12,M04,Product_C,Morning,26,6.42,0.1,1.82,89.42,89.64,36.8,476.05,252,173,79,79,30.2,2.62,180,16,7545.6,Shortfall
2024-04-12,M02,Product_B,Morning,12,11.42,2.15,1.82,94.93,93.9,30.1,632.79,522,371,151,151,38.64,3.91,180,8,5630.4,Shortfall
2024-04-12,M02,Product_A,Morning,13,8.27,2.81,1.43,90.16,97.05,33.8,372.27,444,254,190,190,40.81,4.66,180,8,6710.4,Shortfall
2024-04-12,M05,Product_A,Morning,24,8.26,2.16,0.5,82.28,94.06,27.1,463.69,453,324,129,129,46.98,2.75,180,15,7425.0,Shortfall
2024-04-12,M05,Product_A,Morning,24,8.62,2.82,1.9,93.75,96.15,30.0,619.47,472,306,166,166,47.78,3.47,180,15,9369.0,Shortfall
2024-04-12,M01,Product_A,Morning,27,7.87,0.79,0.2,77.42,92.59,34.6,364.3,460,304,156,156,41.27,3.78,180,17,11566.8,Shortfall
2024-04-12,M02,Product_B,Morning,20,6.79,1.46,0.3,95.21,92.34,28.1,205.09,332,241,91,91,40.97,2.22,180,12,4795.2,Shortfall
2024-04-13,M01,Product_B,Morning,8,8.79,0.59,1.66,83.49,92.05,25.3,203.14,430,247,183,183,31.33,5.84,180,5,5256.0,Shortfall
2024-04-13,M05,Product_A,Evening,18,10.54,0.36,0.97,94.18,92.85,26.3,396.44,575,459,116,116,45.89,2.53,200,11,5566.0,Shortfall
2024-04-13,M05,Product_B,Night,14,11.63,1.29,0.95,81.95,99.29,22.1,617.33,537,358,179,179,33.81,5.29,230,9,10950.3,Shortfall
2024-04-13,M04,Product_A,Night,22,7.57,1.35,1.41,84.44,96.55,33.8,545.91,345,257,88,88,40.57,2.17,230,14,6987.4,Shortfall
2024-04-13,M04,Product_A,Evening,17,11.56,0.74,0.73,85.39,88.64,36.0,608.29,579,368,211,211,33.77,6.25,200,11,13750.0,Shortfall
2024-04-13,M02,Product_B,Morning,25,10.02,0.31,1.42,77.95,92.21,25.6,256.27,498,336,162,162,35.93,4.51,180,15,12177.0,Shortfall
2024-04-13,M03,Product_A,Night,20,9.58,2.96,0.31,75.28,98.08,21.2,603.13,505,314,191,191,40.03,4.77,230,12,13165.2,Shortfall
2024-04-13,M04,Product_C,Evening,13,8.38,0.61,0.02,78.89,90.01,30.4,257.86,340,204,136,136,25.38,5.36,200,8,8576.0,Shortfall
2024-04-13,M05,Product_B,Night,14,7.5,2.83,0.98,78.04,88.09,27.6,626.96,330,135,195,195,24.1,8.09,230,9,16746.3,Shortfall
2024-04-13,M01,Product_A,Night,20,8.32,1.35,0.99,87.73,94.98,34.4,252.45,438,299,139,139,41.35,3.36,230,12,9273.6,Shortfall
2024-04-13,M03,Product_A,Morning,26,8.31,2.04,1.2,77.66,89.35,34.5,251.2,479,280,199,199,41.37,4.81,180,16,13852.8,Shortfall
2024-04-13,M04,Product_A,Evening,12,9.44,0.79,1.74,76.05,99.53,34.5,620.61,487,284,203,203,33.82,6.0,200,8,9600.0,Shortfall
2024-04-13,M03,Product_B,Morning,18,10.16,0.73,0.28,97.17,91.7,24.1,533.31,544,448,96,96,46.37,2.07,180,11,4098.6,Shortfall
2024-04-13,M02,Product_B,Morning,30,8.94,2.63,1.41,91.77,96.15,30.4,531.08,421,318,103,103,45.43,2.27,180,18,7354.8,Shortfall
2024-04-13,M03,Product_C,Night,20,7.92,0.31,0.5,84.2,91.42,27.4,543.87,338,228,110,110,30.1,3.65,230,12,10074.0,Shortfall
2024-04-13,M03,Product_C,Evening,22,8.68,2.33,1.57,90.08,90.58,29.8,486.45,358,248,110,110,36.21,3.04,200,14,8512.0,Shortfall
2024-04-14,M04,Product_B,Morning,16,10.07,2.09,1.7,89.73,99.9,28.1,484.36,466,326,140,140,39.16,3.58,180,10,6444.0,Shortfall
2024-04-14,M01,Product_C,Morning,23,7.0,1.66,1.98,79.25,94.86,23.3,618.93,309,173,136,136,32.07,4.24,180,14,10684.8,Shortfall
2024-04-14,M04,Product_B,Evening,14,10.19,0.93,1.67,75.19,95.58,29.8,334.81,480,251,229,229,27.6,8.3,200,9,14940.0,Shortfall
2024-04-14,M03,Product_C,Morning,19,7.45,2.87,0.01,84.39,98.16,28.9,644.04,340,190,150,150,32.38,4.63,180,12,10000.8,Shortfall
2024-04-14,M05,Product_B,Morning,28,6.19,0.37,0.62,77.63,94.15,37.5,375.14,295,206,89,89,35.71,2.49,180,17,7619.4,Shortfall
2024-04-14,M01,Product_C,Evening,26,7.41,2.6,1.19,90.05,97.51,22.3,515.09,311,194,117,117,34.87,3.36,200,16,10752.0,Shortfall
2024-04-15,M02,Product_B,Morning,17,8.14,0.58,1.06,75.97,97.97,34.4,584.98,401,246,155,155,33.02,4.69,180,11,9286.2,Shortfall
2024-04-15,M04,Product_B,Morning,14,6.54,1.69,0.43,85.81,88.87,21.4,189.27,292,186,106,106,34.07,3.11,180,9,5038.2,Shortfall
2024-04-15,M04,Product_A,Evening,25,10.14,0.11,0.9,80.77,90.64,36.3,301.16,538,360,178,178,36.87,4.83,200,15,14490.0,Shortfall
2024-04-15,M01,Product_B,Evening,20,9.34,1.03,0.11,92.0,98.07,22.5,545.88,432,388,44,44,44.42,0.99,200,12,2376.0,Shortfall
2024-04-15,M04,Product_B,Evening,19,11.41,2.13,0.42,91.76,98.71,35.4,446.33,512,368,144,144,36.47,3.95,200,12,9480.0,Shortfall
2024-04-16,M02,Product_A,Evening,25,10.02,1.91,0.54,94.5,95.79,28.1,292.18,521,397,124,124,45.21,2.74,200,15,8220.0,Shortfall
2024-04-16,M01,Product_A,Evening,19,7.2,1.22,1.7,75.37,95.71,33.7,348.51,387,216,171,171,36.4,4.7,200,12,11280.0,Shortfall
2024-04-16,M04,Product_C,Night,21,11.67,2.48,0.06,99.65,99.44,29.6,392.37,420,362,58,58,35.2,1.65,230,13,4933.5,Shortfall
2024-04-16,M02,Product_B,Morning,12,7.57,0.76,1.0,92.2,94.74,31.7,386.62,363,270,93,93,39.69,2.34,180,8,3369.6,Shortfall
2024-04-16,M03,Product_B,Evening,12,10.67,0.95,1.01,98.56,95.51,28.5,359.47,546,403,143,143,41.15,3.48,200,8,5568.0,Shortfall
2024-04-17,M04,Product_C,Evening,12,8.78,1.48,0.9,77.26,89.14,22.8,282.58,337,186,151,151,24.31,6.21,200,8,9936.0,Shortfall
2024-04-17,M01,Product_B,Evening,29,10.13,1.9,1.21,94.46,91.32,29.3,467.64,469,373,96,96,43.06,2.23,200,18,8028.0,Shortfall
2024-04-17,M01,Product_C,Morning,14,9.05,2.63,1.43,81.39,99.48,37.9,508.62,405,213,192,192,29.99,6.4,180,9,10368.0,Shortfall
2024-04-17,M02,Product_A,Night,19,11.44,2.68,1.72,96.87,91.61,37.3,271.26,591,385,206,206,41.11,5.01,230,12,13827.6,Shortfall
2024-04-17,M03,Product_A,Night,9,8.35,2.06,1.41,94.08,88.67,30.3,263.24,423,262,161,161,38.97,4.13,230,6,5699.4,Shortfall
2024-04-17,M04,Product_C,Morning,25,10.48,2.19,0.91,92.57,94.88,27.6,319.63,405,330,75,75,36.84,2.04,180,15,5508.0,Shortfall
2024-04-17,M01,Product_B,Morning,23,9.69,1.71,1.6,81.44,90.82,27.4,522.84,479,295,184,184,36.02,5.11,180,14,12877.2,Shortfall
2024-04-17,M02,Product_A,Morning,28,7.15,1.3,1.55,81.83,90.82,24.1,358.56,404,250,154,154,42.43,3.63,180,17,11107.8,Shortfall
2024-04-17,M01,Product_A,Morning,9,7.75,0.4,0.9,85.4,98.19,31.0,573.07,418,277,141,141,38.39,3.67,180,6,3963.6,Shortfall
2024-04-17,M05,Product_B,Evening,23,9.43,0.57,1.56,80.68,93.86,28.4,320.38,450,295,155,155,34.42,4.5,200,14,12600.0,Shortfall
2024-04-18,M02,Product_A,Night,8,11.3,0.1,0.41,75.98,89.08,33.5,649.6,540,306,234,234,27.56,8.49,230,5,9763.5,Shortfall
2024-04-18,M02,Product_A,Evening,27,8.07,0.51,0.79,81.77,92.4,26.2,530.19,423,325,98,98,43.26,2.27,200,17,7718.0,Shortfall
2024-04-18,M04,Product_A,Evening,10,9.86,1.62,1.12,85.53,98.17,34.2,284.0,515,299,216,216,34.86,6.2,200,6,7440.0,Shortfall
2024-04-18,M04,Product_B,Evening,13,9.2,2.45,0.04,81.81,91.33,32.6,340.42,427,240,187,187,30.62,6.11,200,8,9776.0,Shortfall
2024-04-18,M02,Product_B,Evening,21,7.1,1.51,0.41,90.9,99.0,29.1,215.53,345,248,97,97,40.48,2.4,200,13,6240.0,Shortfall
2024-04-18,M01,Product_C,Night,18,8.28,0.26,1.75,93.23,99.22,33.7,607.48,338,258,80,80,34.29,2.33,230,11,5894.9,Shortfall
2024-04-18,M04,Product_A,Night,12,6.47,0.34,0.99,98.42,94.81,30.9,274.91,312,208,104,104,35.04,2.97,230,8,5464.8,Shortfall
2024-04-18,M02,Product_A,Evening,9,8.76,1.99,0.69,97.54,89.69,34.6,279.2,442,270,172,172,36.37,4.73,200,6,5676.0,Shortfall
2024-04-18,M05,Product_A,Night,30,9.49,2.64,1.67,82.47,89.68,37.7,272.99,497,243,254,254,32.6,7.79,230,18,32250.6,Shortfall
2024-04-18,M02,Product_A,Morning,26,8.02,0.67,1.5,85.66,90.74,30.5,274.56,430,302,128,128,42.38,3.02,180,16,8697.6,Shortfall
2024-04-18,M02,Product_B,Night,30,8.61,1.16,0.18,86.25,93.22,34.9,606.59,387,281,106,106,35.53,2.98,230,18,12337.2,Shortfall
2024-04-18,M01,Product_A,Evening,23,11.72,0.99,0.08,86.07,90.54,29.7,615.72,629,479,150,150,42.97,3.49,200,14,9772.0,Shortfall
2024-04-19,M01,Product_C,Evening,29,9.29,0.34,0.14,89.13,91.38,31.8,499.69,401,312,89,89,34.46,2.58,200,18,9288.0,Shortfall
2024-04-19,M05,Product_B,Evening,8,9.52,2.36,1.79,78.15,89.19,28.8,376.37,469,206,263,263,27.12,9.7,200,5,9700.0,Shortfall
2024-04-19,M04,Product_C,Evening,26,11.52,1.83,1.44,85.21,88.42,30.7,397.76,435,296,139,139,29.57,4.7,200,16,15040.0,Shortfall
2024-04-19,M03,Product_C,Morning,30,7.37,2.68,1.0,85.4,97.34,35.1,510.93,327,191,136,136,34.44,3.95,180,18,12798.0,Shortfall
2024-04-20,M04,Product_A,Evening,30,11.01,1.59,1.18,87.87,89.97,36.8,412.07,543,382,161,161,39.29,4.1,200,18,14760.0,Shortfall
2024-04-20,M05,Product_A,Night,13,9.42,0.89,0.4,94.84,91.93,21.7,611.55,495,364,131,131,41.41,3.16,230,8,5814.4,Shortfall
2024-04-20,M04,Product_B,Evening,25,8.55,2.2,1.59,98.16,89.46,24.6,331.51,372,269,103,103,39.66,2.6,200,15,7800.0,Shortfall
2024-04-20,M05,Product_A,Night,25,9.03,0.79,0.04,94.3,88.87,34.5,618.0,473,366,107,107,42.65,2.51,230,15,8659.5,Shortfall
2024-04-20,M05,Product_C,Morning,8,11.16,2.12,0.84,89.36,92.75,22.6,403.83,474,255,219,219,26.29,8.33,180,5,7497.0,Shortfall
2024-04-20,M05,Product_A,Night,12,11.81,1.94,1.75,77.51,94.33,32.1,570.08,579,364,215,215,35.93,5.98,230,8,11003.2,Shortfall
2024-04-20,M05,Product_B,Morning,18,9.36,1.28,1.26,81.99,98.05,34.9,442.92,447,309,138,138,37.61,3.67,180,11,7266.6,Shortfall
2024-04-20,M04,Product_C,Morning,8,9.63,0.56,0.27,91.34,99.51,26.7,483.47,399,290,109,109,31.43,3.47,180,5,3123.0,Shortfall
2024-04-20,M01,Product_A,Morning,27,9.27,2.07,1.64,93.94,95.73,23.5,630.73,520,384,136,136,50.81,2.68,180,17,8200.8,Shortfall
2024-04-20,M02,Product_B,Night,20,7.85,2.31,1.47,91.39,98.69,22.0,439.74,354,237,117,117,39.08,2.99,230,12,8252.4,Shortfall
2024-04-20,M03,Product_A,Night,16,11.45,0.4,1.04,85.72,99.52,34.2,643.11,589,443,146,146,40.77,3.58,230,10,8234.0,Shortfall
2024-04-20,M04,Product_B,Morning,15,9.0,1.11,0.89,80.78,96.25,28.9,482.36,429,258,171,171,31.94,5.35,180,9,8667.0,Shortfall
2024-04-21,M01,Product_A,Evening,11,9.37,1.31,0.8,81.69,99.61,29.8,590.74,505,329,176,176,39.31,4.48,200,7,6272.0,Shortfall
2024-04-21,M05,Product_A,Morning,20,8.69,0.1,0.74,78.62,98.61,27.6,543.55,489,343,146,146,40.95,3.57,180,12,7711.2,Shortfall
2024-04-21,M04,Product_A,Evening,17,10.82,0.2,0.9,96.52,91.29,29.0,346.38,543,449,94,94,43.19,2.18,200,11,4796.0,Shortfall
2024-04-21,M02,Product_A,Evening,9,7.61,2.12,0.94,92.81,90.61,21.3,529.81,408,240,168,168,39.25,4.28,200,6,5136.0,Shortfall
2024-04-21,M03,Product_B,Morning,15,7.02,0.87,0.66,77.94,90.04,20.9,227.71,368,205,163,163,32.49,5.02,180,9,8132.4,Shortfall
2024-04-21,M01,Product_A,Night,25,6.33,1.52,0.87,99.43,93.47,31.1,465.75,330,251,79,79,48.37,1.63,230,15,5623.5,Shortfall
2024-04-22,M02,Product_C,Night,28,11.46,2.9,0.23,84.08,93.4,37.8,201.37,433,274,159,159,28.0,5.68,230,17,22208.8,Shortfall
2024-04-22,M02,Product_A,Morning,25,9.23,1.41,1.13,89.85,95.61,35.6,454.7,521,363,158,158,45.04,3.51,180,15,9477.0,Shortfall
2024-04-22,M05,Product_A,Morning,25,6.52,0.3,0.21,92.83,89.21,26.1,495.24,362,298,64,64,47.44,1.35,180,15,3645.0,Shortfall
2024-04-22,M01,Product_B,Evening,20,9.25,1.82,1.86,83.37,98.2,25.4,432.56,451,274,177,177,36.06,4.91,200,12,11784.0,Shortfall
2024-04-22,M03,Product_B,Evening,16,9.71,1.46,0.49,79.46,92.81,37.8,412.87,472,293,179,179,33.54,5.34,200,10,10680.0,Shortfall
2024-04-22,M04,Product_A,Morning,16,9.71,0.64,0.78,95.37,97.14,29.8,597.08,533,399,134,134,43.92,3.05,180,10,5490.0,Shortfall
2024-04-22,M03,Product_C,Evening,15,6.68,0.16,0.88,96.19,96.77,28.4,410.49,296,243,53,53,38.67,1.37,200,9,2466.0,Shortfall
2024-04-22,M05,Product_A,Morning,16,9.26,1.36,0.95,86.88,88.3,32.2,311.72,510,325,185,185,39.73,4.66,180,10,8388.0,Shortfall
2024-04-22,M01,Product_A,Evening,27,8.86,1.98,0.89,84.79,90.42,24.6,281.29,475,341,134,134,45.71,2.93,200,17,9962.0,Shortfall
2024-04-22,M01,Product_A,Night,30,11.12,1.83,1.4,88.33,96.75,24.4,339.21,584,457,127,127,47.49,2.67,230,18,11053.8,Shortfall
2024-04-22,M03,Product_B,Morning,14,7.79,0.69,0.09,90.37,90.49,30.7,269.62,398,274,124,124,37.13,3.34,180,9,5410.8,Shortfall
2024-04-22,M02,Product_C,Evening,23,8.14,0.04,0.68,77.28,97.35,35.8,289.63,331,214,117,117,27.16,4.31,200,14,12068.0,Shortfall
2024-04-22,M03,Product_C,Morning,25,9.55,0.6,0.22,92.32,97.96,22.0,464.84,438,363,75,75,39.7,1.89,180,15,5103.0,Shortfall
2024-04-22,M04,Product_A,Evening,14,6.77,2.59,0.01,86.61,92.06,35.5,192.01,329,190,139,139,35.57,3.91,200,9,7038.0,Shortfall
2024-04-22,M02,Product_A,Night,19,8.3,1.36,0.37,76.08,88.77,25.1,216.32,401,235,166,166,31.66,5.24,230,12,14462.4,Shortfall
2024-04-22,M03,Product_B,Morning,29,10.29,2.52,0.73,91.96,97.51,21.9,502.95,551,398,153,153,46.02,3.32,180,18,10756.8,Shortfall
2024-04-23,M01,Product_B,Evening,11,9.66,0.76,1.29,80.27,88.56,35.6,590.11,454,267,187,187,30.37,6.16,200,7,8624.0,Shortfall
2024-04-23,M01,Product_B,Night,18,6.83,1.95,1.39,75.09,88.1,26.2,551.26,300,164,136,136,31.11,4.37,230,11,11056.1,Shortfall
2024-04-23,M04,Product_B,Morning,17,11.37,1.12,0.26,94.29,99.9,28.4,315.58,534,436,98,98,40.89,2.4,180,11,4752.0,Shortfall
2024-04-23,M01,Product_C,Morning,27,11.14,1.14,0.96,95.91,89.47,27.0,180.15,491,385,106,106,37.83,2.8,180,17,8568.0,Shortfall
2024-04-23,M03,Product_C,Evening,27,10.26,1.48,0.71,98.68,94.15,21.4,270.38,440,385,55,55,41.86,1.31,200,17,4454.0,Shortfall
2024-04-23,M01,Product_A,Night,11,6.07,0.26,1.22,96.83,90.92,30.1,474.67,325,204,121,121,37.09,3.26,230,7,5248.6,Shortfall
2024-04-24,M03,Product_C,Evening,14,6.43,1.63,1.87,85.74,93.39,32.7,194.33,284,160,124,124,32.79,3.78,200,9,6804.0,Shortfall
2024-04-24,M02,Product_A,Evening,20,7.63,2.72,0.75,82.86,88.38,32.9,316.81,417,215,202,202,36.62,5.52,200,12,13248.0,Shortfall
2024-04-24,M04,Product_B,Night,24,11.15,0.86,1.16,88.86,97.04,35.8,562.15,482,355,127,127,34.56,3.67,230,15,12661.5,Shortfall
2024-04-24,M01,Product_B,Evening,24,11.97,1.1,1.11,83.23,99.35,23.1,386.95,606,439,167,167,39.99,4.18,200,15,12540.0,Shortfall
2024-04-24,M05,Product_B,Morning,15,6.79,0.9,1.39,94.49,89.21,32.9,499.45,339,222,117,117,38.22,3.06,180,9,4957.2,Shortfall
2024-04-24,M02,Product_B,Morning,17,10.2,1.49,0.78,94.88,89.19,29.6,362.45,511,344,167,167,37.77,4.42,180,11,8751.6,Shortfall
2024-04-24,M04,Product_A,Night,26,7.44,1.41,0.94,85.39,88.9,23.9,633.47,370,234,136,136,36.93,3.68,230,16,13542.4,Shortfall
2024-04-24,M04,Product_A,Evening,22,11.32,0.41,0.28,78.61,93.21,35.8,487.07,588,376,212,212,34.19,6.2,200,14,17360.0,Shortfall
2024-04-24,M02,Product_C,Morning,10,9.55,1.63,0.77,94.92,99.97,35.0,640.51,405,293,112,112,34.95,3.2,180,6,3456.0,Shortfall
2024-04-24,M03,Product_A,Morning,17,6.85,0.37,1.7,99.43,91.82,31.2,204.72,400,306,94,94,50.57,1.86,180,11,3682.8,Shortfall
2024-04-24,M02,Product_B,Morning,21,11.98,2.81,0.18,93.57,88.63,32.1,481.44,560,391,169,169,37.7,4.48,180,13,10483.2,Shortfall
2024-04-24,M03,Product_A,Evening,28,9.87,2.79,1.95,96.49,97.06,26.2,505.51,559,409,150,150,53.44,2.81,200,17,9554.0,Shortfall
2024-04-24,M02,Product_B,Evening,15,8.54,0.3,1.79,84.95,90.09,36.6,188.27,407,236,171,171,30.46,5.61,200,9,10098.0,Shortfall
2024-04-25,M04,Product_B,Morning,10,9.46,0.51,1.07,95.33,98.83,28.5,280.45,419,340,79,79,38.61,2.05,180,6,2214.0,Shortfall
2024-04-25,M03,Product_A,Evening,20,8.47,2.34,0.32,94.39,93.88,20.5,381.32,489,329,160,160,46.53,3.44,200,12,8256.0,Shortfall
2024-04-25,M03,Product_A,Evening,21,6.31,2.52,1.09,87.82,91.86,35.0,317.25,370,194,176,176,42.71,4.12,200,13,10712.0,Shortfall
2024-04-25,M05,Product_B,Morning,9,10.91,0.77,0.35,97.89,98.52,31.6,383.27,534,405,129,129,39.08,3.3,180,6,3564.0,Shortfall
2024-04-25,M04,Product_B,Evening,10,6.33,0.09,1.91,79.15,90.94,33.0,480.11,290,148,142,142,26.37,5.38,200,6,6456.0,Shortfall
2024-04-25,M01,Product_B,Morning,22,11.49,0.06,1.55,94.3,98.91,26.8,415.2,561,511,50,50,46.82,1.07,180,14,2696.4,Shortfall
2024-04-26,M01,Product_A,Evening,22,11.6,1.15,0.35,88.76,90.26,34.9,551.01,651,443,208,208,40.85,5.09,200,14,14252.0,Shortfall
2024-04-26,M05,Product_A,Morning,13,9.42,0.07,1.7,79.28,93.86,35.3,611.36,510,302,208,208,34.37,6.05,180,8,8712.0,Shortfall
2024-04-26,M02,Product_C,Evening,21,8.64,1.8,1.05,99.73,88.49,28.4,524.64,366,248,118,118,34.05,3.47,200,13,9022.0,Shortfall
2024-04-26,M02,Product_A,Night,8,9.19,2.89,1.18,80.94,88.04,37.4,441.09,438,174,264,264,24.21,10.9,230,5,12535.0,Shortfall
2024-04-26,M05,Product_C,Morning,8,6.47,1.36,1.61,84.3,92.81,35.4,300.57,266,144,122,122,27.92,4.37,180,5,3933.0,Shortfall
2024-04-26,M03,Product_A,Morning,26,8.17,0.67,0.53,91.11,95.37,34.5,646.89,482,370,112,112,48.58,2.31,180,16,6652.8,Shortfall
2024-04-26,M02,Product_A,Evening,25,7.61,0.02,1.67,76.23,98.72,34.1,190.17,383,265,118,118,37.78,3.12,200,15,9360.0,Shortfall
2024-04-26,M04,Product_A,Evening,11,9.61,0.85,1.95,80.39,99.11,37.9,182.45,481,278,203,203,32.86,6.18,200,7,8652.0,Shortfall
2024-04-26,M01,Product_B,Evening,24,8.99,1.92,1.75,97.25,90.04,31.8,298.54,432,327,105,105,44.66,2.35,200,15,7050.0,Shortfall
2024-04-26,M01,Product_A,Evening,9,6.96,1.31,0.97,86.76,91.89,23.8,301.55,395,223,172,172,37.8,4.55,200,6,5460.0,Shortfall
2024-04-26,M04,Product_A,Morning,23,8.02,1.08,1.64,92.57,97.74,29.3,405.28,423,313,110,110,45.68,2.41,180,14,6073.2,Shortfall
2024-04-26,M05,Product_B,Evening,19,6.68,0.87,0.88,93.65,96.82,31.9,381.2,308,240,68,68,40.72,1.67,200,12,4008.0,Shortfall
2024-04-27,M01,Product_B,Evening,8,11.63,0.46,1.28,81.99,96.98,23.2,381.23,587,362,225,225,33.12,6.79,200,5,6790.0,Shortfall
2024-04-27,M01,Product_C,Evening,26,11.72,0.81,0.97,90.68,97.89,24.4,449.7,498,414,84,84,37.86,2.22,200,16,7104.0,Shortfall
2024-04-27,M01,Product_B,Night,30,9.22,2.38,1.32,83.8,99.73,22.4,464.8,421,297,124,124,39.87,3.11,230,18,12875.4,Shortfall
2024-04-27,M02,Product_B,Evening,17,9.1,2.77,1.96,98.44,90.55,30.8,525.9,412,274,138,138,39.76,3.47,200,11,7634.0,Shortfall
2024-04-27,M04,Product_A,Morning,29,6.05,1.26,1.94,84.63,90.46,22.8,483.37,312,205,107,107,43.82,2.44,180,18,7905.6,Shortfall
2024-04-27,M02,Product_A,Morning,19,10.05,2.75,0.73,99.67,98.23,23.5,456.4,519,411,108,108,49.63,2.18,180,12,4708.8,Shortfall
2024-04-27,M04,Product_A,Morning,28,6.28,0.76,1.72,82.67,97.93,22.9,518.16,319,250,69,69,47.53,1.45,180,17,4437.0,Shortfall
2024-04-27,M03,Product_A,Morning,9,9.6,2.45,1.26,94.37,90.85,32.0,643.83,567,329,238,238,42.12,5.65,180,6,6102.0,Shortfall
2024-04-27,M03,Product_A,Evening,24,6.12,1.12,0.0,98.63,94.73,30.8,251.3,344,295,49,49,53.6,0.91,200,15,2730.0,Shortfall
2024-04-27,M02,Product_A,Evening,13,10.01,0.45,0.32,75.14,92.03,28.2,363.35,550,300,250,250,31.09,8.04,200,8,12864.0,Shortfall
2024-04-27,M02,Product_A,Morning,28,6.12,2.36,0.88,96.54,89.02,37.2,542.83,328,206,122,122,45.64,2.67,180,17,8170.2,Shortfall
2024-04-27,M04,Product_B,Night,8,10.99,0.84,0.35,91.91,99.37,20.9,401.96,484,314,170,170,30.18,5.63,230,5,6474.5,Shortfall
2024-04-28,M03,Product_A,Evening,30,10.5,0.64,0.48,97.64,98.1,34.3,622.96,568,548,20,20,54.91,0.36,200,18,1296.0,Minor Shortfall
2024-04-28,M03,Product_A,Evening,21,6.23,1.27,0.75,82.71,99.69,33.5,182.07,342,211,131,131,40.05,3.27,200,13,8502.0,Shortfall
2024-04-28,M04,Product_C,Morning,11,6.71,0.25,1.0,92.5,96.35,30.1,240.88,277,196,81,81,31.5,2.57,180,7,3238.2,Shortfall
2024-04-28,M03,Product_B,Morning,14,10.23,0.61,1.65,94.11,96.07,27.1,417.33,533,402,131,131,43.15,3.04,180,9,4924.8,Shortfall
2024-04-29,M05,Product_B,Morning,25,11.85,0.62,1.36,80.8,89.74,31.3,552.52,585,417,168,168,37.8,4.44,180,15,11988.0,Shortfall
2024-04-29,M02,Product_B,Morning,13,11.87,1.21,1.96,96.8,90.64,35.1,333.05,542,381,161,161,36.22,4.45,180,8,6408.0,Shortfall
2024-04-29,M02,Product_A,Night,28,7.32,1.65,0.68,85.26,91.03,35.0,200.02,359,243,116,116,39.36,2.95,230,17,11534.5,Shortfall
2024-04-29,M05,Product_C,Evening,13,10.63,2.61,1.54,76.64,94.72,32.6,368.82,418,241,177,177,27.84,6.36,200,8,10176.0,Shortfall
2024-04-29,M04,Product_C,Morning,29,7.44,1.9,1.67,93.87,97.34,33.9,427.8,292,222,70,70,38.21,1.83,180,18,5929.2,Shortfall
2024-04-29,M01,Product_A,Morning,15,7.48,2.31,0.31,94.94,90.31,31.5,500.5,434,277,157,157,45.4,3.46,180,9,5605.2,Shortfall
2024-04-29,M02,Product_B,Evening,27,8.79,0.95,1.17,93.92,90.6,36.0,632.93,416,299,117,117,38.05,3.07,200,17,10438.0,Shortfall
2024-04-29,M01,Product_A,Morning,16,7.09,2.49,0.16,99.94,99.52,26.5,467.33,411,281,130,130,49.61,2.62,180,10,4716.0,Shortfall
2024-04-29,M04,Product_C,Night,30,6.71,1.54,1.72,90.41,93.48,30.7,486.49,248,171,77,77,32.5,2.37,230,18,9811.8,Shortfall
2024-04-30,M04,Product_C,Night,22,11.69,0.39,1.47,87.13,99.88,36.8,353.38,440,316,124,124,28.83,4.3,230,14,13846.0,Shortfall
2024-04-30,M04,Product_C,Night,11,9.76,1.37,1.3,90.59,88.05,27.4,481.22,348,232,116,116,27.13,4.28,230,7,6890.8,Shortfall
2024-04-30,M02,Product_A,Night,25,7.52,2.23,1.58,98.74,95.54,29.8,620.13,380,259,121,121,45.12,2.68,230,15,9246.0,Shortfall
2024-04-30,M03,Product_A,Evening,22,10.87,1.79,1.63,97.29,91.55,33.8,569.22,631,451,180,180,48.42,3.72,200,14,10416.0,Shortfall
2024-04-30,M05,Product_C,Night,15,9.11,0.24,0.4,84.73,96.37,37.3,327.77,360,256,104,104,28.97,3.59,230,9,7431.3,Shortfall
2024-05-01,M03,Product_A,Night,18,7.15,0.32,0.98,99.25,93.24,32.6,649.14,373,332,41,41,50.07,0.82,230,11,2074.6,Shortfall
2024-05-01,M04,Product_A,Evening,12,7.59,1.27,1.11,79.98,90.46,20.6,284.98,377,200,177,177,30.76,5.75,200,8,9200.0,Shortfall
2024-05-01,M01,Product_B,Evening,27,8.48,0.51,0.12,85.83,91.88,35.5,420.41,405,307,98,98,37.63,2.6,200,17,8840.0,Shortfall
2024-05-01,M05,Product_A,Night,18,10.84,1.77,1.44,94.09,93.93,36.7,499.72,539,392,147,147,41.87,3.51,230,11,8880.3,Shortfall
2024-05-01,M05,Product_B,Night,30,9.08,1.18,1.92,83.19,93.45,23.4,407.16,399,287,112,112,36.99,3.03,230,18,12544.2,Shortfall
2024-05-01,M02,Product_B,Evening,12,8.82,0.47,1.56,82.4,98.44,29.2,425.06,404,254,150,150,31.69,4.73,200,8,7568.0,Shortfall
2024-05-01,M05,Product_A,Night,29,8.63,2.88,0.95,91.75,95.74,32.8,577.31,444,326,118,118,48.56,2.43,230,18,10060.2,Shortfall
2024-05-01,M01,Product_B,Morning,27,6.97,0.29,1.49,79.67,91.1,36.7,417.94,356,213,143,143,33.87,4.22,180,17,12913.2,Shortfall
2024-05-01,M05,Product_A,Morning,25,8.2,2.56,1.46,84.31,99.5,24.9,617.68,472,298,174,174,47.44,3.67,180,15,9909.0,Shortfall
2024-05-02,M03,Product_C,Morning,20,7.95,1.14,0.4,92.68,97.64,33.5,520.93,364,291,73,73,40.51,1.8,180,12,3888.0,Shortfall
2024-05-02,M01,Product_A,Evening,20,11.29,0.66,0.59,89.72,94.34,34.6,251.86,596,457,139,139,42.63,3.26,200,12,7824.0,Shortfall
2024-05-02,M05,Product_B,Morning,20,9.93,1.07,0.45,80.54,93.76,26.5,522.65,491,347,144,144,37.78,3.81,180,12,8229.6,Shortfall
2024-05-02,M04,Product_B,Morning,30,11.1,2.93,1.18,82.68,89.13,20.9,237.63,526,332,194,194,36.58,5.3,180,18,17172.0,Shortfall
2024-05-02,M02,Product_A,Morning,14,8.92,0.29,1.97,98.83,94.22,31.8,539.28,484,381,103,103,47.21,2.18,180,9,3531.6,Shortfall
2024-05-02,M01,Product_B,Morning,14,10.85,1.09,0.93,98.72,99.79,36.5,576.84,559,430,129,129,43.32,2.98,180,9,4827.6,Shortfall
2024-05-02,M03,Product_C,Evening,10,11.75,0.34,0.35,98.04,95.98,34.0,340.63,494,398,96,96,34.79,2.76,200,6,3312.0,Shortfall
2024-05-02,M04,Product_B,Evening,12,9.47,1.7,0.73,75.52,98.15,27.5,299.55,418,262,156,156,31.64,4.93,200,8,7888.0,Shortfall
2024-05-03,M01,Product_A,Morning,12,10.33,2.47,1.65,96.59,99.83,26.4,469.07,588,429,159,159,51.11,3.11,180,8,4478.4,Shortfall
2024-05-03,M04,Product_A,Morning,13,7.4,2.32,0.38,98.1,93.19,23.8,220.66,405,267,138,138,44.57,3.1,180,8,4464.0,Shortfall
2024-05-03,M04,Product_A,Night,15,10.83,0.05,0.42,83.56,99.81,35.5,337.19,505,374,131,131,35.1,3.73,230,9,7721.1,Shortfall
2024-05-03,M05,Product_A,Night,29,7.56,1.28,0.06,82.73,89.0,26.6,631.8,388,246,142,142,35.99,3.95,230,18,16353.0,Shortfall
2024-05-03,M04,Product_B,Morning,14,9.24,1.96,1.48,90.86,90.42,26.4,523.61,441,259,182,182,33.88,5.37,180,9,8699.4,Shortfall
2024-05-03,M05,Product_B,Evening,13,6.17,1.65,1.16,84.68,94.01,31.8,186.3,299,172,127,127,35.42,3.59,200,8,5744.0,Shortfall
2024-05-03,M01,Product_B,Evening,20,8.49,1.52,1.0,81.22,89.35,22.1,594.67,406,254,152,152,34.78,4.37,200,12,10488.0,Shortfall
2024-05-04,M01,Product_B,Morning,14,6.1,0.45,0.9,99.75,99.06,27.8,550.82,295,275,20,20,49.66,0.4,180,9,648.0,Shortfall
2024-05-04,M04,Product_C,Night,12,9.11,1.53,1.39,97.99,98.36,27.7,615.98,334,253,81,81,32.51,2.49,230,8,4581.6,Shortfall
2024-05-04,M02,Product_A,Evening,21,10.92,0.09,1.86,96.59,99.44,22.5,648.37,582,501,81,81,49.02,1.65,200,13,4290.0,Shortfall
2024-05-05,M05,Product_C,Morning,18,7.43,1.89,0.62,86.56,99.08,29.2,339.64,324,213,111,111,34.5,3.22,180,11,6375.6,Shortfall
2024-05-05,M04,Product_A,Night,17,7.26,1.6,1.25,88.35,91.57,27.3,444.99,352,219,133,133,36.85,3.61,230,11,9133.3,Shortfall
2024-05-05,M04,Product_A,Evening,19,10.28,1.9,0.45,77.49,99.73,28.4,428.32,545,331,214,214,36.46,5.87,200,12,14088.0,Shortfall
2024-05-05,M01,Product_A,Night,18,11.61,1.72,0.56,92.6,98.45,37.1,598.3,621,474,147,147,45.28,3.25,230,11,8222.5,Shortfall
2024-05-05,M01,Product_A,Evening,19,8.67,1.48,0.17,87.73,90.24,20.5,518.07,458,321,137,137,41.17,3.33,200,12,7992.0,Shortfall
2024-05-05,M05,Product_B,Morning,20,9.4,0.03,1.23,88.25,99.27,21.8,379.21,480,354,126,126,39.54,3.19,180,12,6890.4,Shortfall
2024-05-05,M02,Product_B,Night,14,6.76,2.72,1.69,82.36,89.28,30.0,364.68,285,157,128,128,33.6,3.81,230,9,7886.7,Shortfall
2024-05-05,M03,Product_A,Night,15,7.33,2.73,1.91,81.43,97.19,27.2,207.29,395,194,201,201,37.6,5.35,230,9,11074.5,Shortfall
2024-05-06,M03,Product_B,Night,29,10.84,1.58,0.25,86.0,91.67,21.8,282.1,487,356,131,131,36.02,3.64,230,18,15069.6,Shortfall
2024-05-06,M04,Product_B,Night,9,9.89,2.96,2.0,91.84,94.23,20.7,584.89,399,239,160,160,31.61,5.06,230,6,6982.8,Shortfall
2024-05-06,M04,Product_A,Morning,15,10.11,0.96,1.18,96.56,96.32,22.5,271.74,523,379,144,144,41.33,3.48,180,9,5637.6,Shortfall
2024-05-06,M03,Product_A,Morning,24,7.18,1.58,0.37,95.58,99.2,33.3,494.88,398,342,56,56,55.33,1.01,180,15,2727.0,Shortfall
2024-05-06,M02,Product_C,Evening,26,11.34,1.75,0.11,79.37,92.21,32.6,319.83,473,320,153,153,30.95,4.94,200,16,15808.0,Shortfall
2024-05-07,M05,Product_C,Night,13,10.24,0.75,0.67,88.28,92.14,31.4,450.52,386,287,99,99,29.92,3.31,230,8,6090.4,Shortfall
2024-05-07,M04,Product_A,Evening,14,11.05,2.42,1.9,75.39,90.27,21.8,421.84,553,282,271,271,31.15,8.7,200,9,15660.0,Shortfall
2024-05-07,M02,Product_C,Morning,16,11.46,0.16,0.66,93.78,93.62,35.8,191.28,491,363,128,128,32.58,3.93,180,10,7074.0,Shortfall
2024-05-07,M02,Product_A,Evening,30,8.08,0.12,0.68,96.32,91.47,26.3,437.54,441,389,52,52,50.03,1.04,200,18,3744.0,Shortfall
2024-05-07,M05,Product_C,Morning,12,7.26,0.87,1.1,79.43,94.66,25.5,264.73,294,178,116,116,27.83,4.17,180,8,6004.8,Shortfall
2024-05-07,M03,Product_B,Morning,12,7.15,0.16,0.71,86.26,99.38,20.4,232.27,367,279,88,88,40.95,2.15,180,8,3096.0,Shortfall
2024-05-07,M01,Product_A,Evening,28,11.02,1.78,0.85,96.94,94.36,27.8,406.3,622,482,140,140,49.47,2.83,200,17,9622.0,Shortfall
2024-05-07,M04,Product_B,Evening,29,7.47,0.98,0.78,99.89,93.87,23.9,449.11,328,281,47,47,42.2,1.11,200,18,3996.0,Shortfall
2024-05-07,M01,Product_A,Evening,10,8.3,1.76,1.48,76.0,92.65,27.6,512.93,474,228,246,246,33.46,7.35,200,6,8820.0,Shortfall
2024-05-07,M03,Product_A,Night,29,9.84,2.04,0.57,89.08,96.63,32.7,371.41,545,421,124,124,49.42,2.51,230,18,10391.4,Shortfall
2024-05-07,M02,Product_C,Morning,17,8.13,1.01,0.73,81.56,96.16,36.1,226.51,334,206,128,128,28.15,4.55,180,11,9009.0,Shortfall
2024-05-08,M03,Product_A,Morning,21,11.17,1.24,1.37,85.65,90.24,27.8,493.38,630,454,176,176,45.36,3.88,180,13,9079.2,Shortfall
2024-05-08,M05,Product_B,Evening,16,8.23,0.63,0.99,98.17,95.87,36.5,371.57,391,311,80,80,41.26,1.94,200,10,3880.0,Shortfall
2024-05-08,M02,Product_A,Evening,11,11.6,2.39,0.94,77.76,95.54,23.7,613.67,622,346,276,276,34.75,7.94,200,7,11116.0,Shortfall
2024-05-08,M03,Product_A,Evening,18,6.05,1.11,1.81,85.11,94.45,36.8,229.65,326,196,130,130,40.78,3.19,200,11,7018.0,Shortfall
2024-05-08,M04,Product_A,Night,8,10.12,0.94,0.04,88.09,97.15,30.4,564.21,497,345,152,152,35.98,4.22,230,5,4853.0,Shortfall
2024-05-08,M03,Product_B,Morning,22,11.79,2.39,1.23,90.14,98.66,25.2,340.56,597,431,166,166,42.91,3.87,180,14,9752.4,Shortfall
2024-05-08,M03,Product_B,Evening,15,10.5,2.4,0.47,95.86,95.96,25.3,316.91,497,361,136,136,40.04,3.4,200,9,6120.0,Shortfall
2024-05-08,M01,Product_B,Evening,22,6.05,0.33,1.69,93.21,91.76,24.4,223.83,302,221,81,81,41.88,1.93,200,14,5404.0,Shortfall
2024-05-08,M04,Product_B,Morning,21,8.14,1.37,0.2,92.73,92.97,37.2,646.88,393,280,113,113,38.27,2.95,180,13,6903.0,Shortfall
2024-05-08,M05,Product_A,Evening,20,9.02,0.09,0.07,84.66,96.16,23.5,294.55,503,393,110,110,43.93,2.5,200,12,6000.0,Shortfall
2024-05-08,M01,Product_B,Morning,25,6.34,1.98,1.41,76.77,91.24,32.4,232.43,302,171,131,131,35.94,3.64,180,15,9828.0,Shortfall
2024-05-09,M04,Product_C,Morning,28,11.5,2.17,0.25,75.6,99.62,21.4,202.63,444,320,124,124,31.31,3.96,180,17,12117.6,Shortfall
2024-05-09,M04,Product_B,Night,25,10.13,1.23,0.15,91.21,95.35,38.0,639.0,423,341,82,82,36.27,2.26,230,15,7797.0,Shortfall
2024-05-09,M04,Product_B,Morning,9,8.2,1.56,1.05,96.18,90.19,33.8,573.78,362,235,127,127,33.69,3.77,180,6,4071.6,Shortfall
2024-05-09,M02,Product_C,Morning,26,7.89,0.47,1.8,84.3,98.98,23.9,298.77,315,246,69,69,35.14,1.96,180,16,5644.8,Shortfall
2024-05-09,M01,Product_C,Evening,21,10.44,0.54,1.48,98.86,90.84,22.6,246.29,425,363,62,62,37.71,1.64,200,13,4264.0,Shortfall
2024-05-09,M04,Product_B,Evening,15,6.57,2.17,0.26,81.1,95.29,27.9,199.16,290,155,135,135,29.33,4.6,200,9,8280.0,Shortfall
2024-05-09,M01,Product_A,Evening,12,6.04,0.91,0.22,87.52,95.87,22.5,185.7,343,203,140,140,37.16,3.77,200,8,6032.0,Shortfall
2024-05-09,M02,Product_A,Night,20,6.53,1.6,0.57,75.56,92.74,31.5,192.23,322,165,157,157,30.27,5.19,230,12,14324.4,Shortfall
2024-05-09,M05,Product_A,Night,14,9.06,1.14,1.77,76.38,99.63,24.4,530.69,457,289,168,168,36.99,4.54,230,9,9397.8,Shortfall
2024-05-09,M04,Product_A,Evening,26,10.68,0.31,0.43,89.1,98.08,33.5,582.43,524,488,36,36,47.11,0.76,200,16,2432.0,Shortfall
2024-05-09,M04,Product_A,Morning,25,7.31,0.94,0.36,87.01,89.61,26.5,371.49,368,289,79,79,43.35,1.82,180,15,4914.0,Shortfall
2024-05-09,M03,Product_A,Morning,20,9.85,1.67,1.96,80.99,90.07,28.5,616.05,559,338,221,221,40.99,5.39,180,12,11642.4,Shortfall
2024-05-09,M02,Product_C,Evening,10,11.25,0.38,0.96,82.65,91.8,33.3,260.67,464,294,170,170,27.46,6.19,200,6,7428.0,Shortfall
2024-05-09,M03,Product_B,Morning,24,8.95,2.35,1.25,80.35,90.54,26.8,563.08,437,285,152,152,39.47,3.85,180,15,10395.0,Shortfall
2024-05-10,M03,Product_C,Morning,25,8.2,1.01,0.21,89.98,96.2,28.9,611.8,364,325,39,39,42.93,0.91,180,15,2457.0,Shortfall
2024-05-10,M02,Product_B,Evening,25,6.56,1.76,0.21,90.68,97.81,36.2,333.63,319,226,93,93,40.95,2.27,200,15,6810.0,Shortfall
2024-05-10,M01,Product_B,Morning,28,10.61,2.16,0.6,92.85,90.15,32.1,294.57,508,403,105,105,43.75,2.4,180,17,7344.0,Shortfall
2024-05-10,M02,Product_B,Evening,10,8.13,1.55,0.83,85.99,94.7,21.8,440.59,384,239,145,145,34.21,4.24,200,6,5088.0,Shortfall
2024-05-10,M05,Product_B,Evening,18,10.45,1.35,1.74,77.61,96.14,24.7,232.24,498,299,199,199,32.86,6.06,200,11,13332.0,Shortfall
2024-05-10,M04,Product_A,Evening,11,7.67,0.69,1.11,92.64,96.21,30.6,260.5,393,263,130,130,38.1,3.41,200,7,4774.0,Shortfall
2024-05-10,M04,Product_B,Evening,17,7.01,1.82,1.27,89.37,90.26,37.3,195.57,318,183,135,135,32.89,4.1,200,11,9020.0,Shortfall
2024-05-10,M05,Product_A,Night,17,11.93,1.94,1.85,92.92,99.73,23.1,331.39,610,464,146,146,45.42,3.21,230,11,8121.3,Shortfall
2024-05-10,M04,Product_B,Morning,25,11.7,2.35,0.01,75.94,92.72,20.2,581.17,532,358,174,174,34.41,5.06,180,15,13662.0,Shortfall
2024-05-10,M01,Product_B,Night,19,7.47,2.26,1.45,96.62,99.78,21.7,349.03,333,261,72,72,45.63,1.58,230,12,4360.8,Shortfall
2024-05-11,M05,Product_C,Morning,27,10.72,0.12,1.48,79.36,91.09,23.5,518.25,447,323,124,124,31.87,3.89,180,17,11903.4,Shortfall
2024-05-11,M05,Product_A,Morning,26,8.9,1.14,0.06,84.97,98.68,27.9,295.74,490,376,114,114,45.56,2.5,180,16,7200.0,Shortfall
2024-05-11,M03,Product_C,Night,18,7.44,0.03,0.84,77.7,95.6,25.5,244.1,296,222,74,74,31.14,2.38,230,11,6021.4,Shortfall
2024-05-11,M03,Product_A,Morning,10,9.19,2.98,0.51,91.42,92.07,20.0,608.02,519,283,236,236,38.39,6.15,180,6,6642.0,Shortfall
2024-05-11,M02,Product_A,Morning,14,10.95,1.39,1.52,82.29,95.94,22.9,181.59,606,355,251,251,36.77,6.83,180,9,11064.6,Shortfall
2024-05-11,M03,Product_A,Morning,24,9.32,1.53,1.45,97.61,93.8,32.2,554.87,527,449,78,78,56.33,1.38,180,15,3726.0,Shortfall
2024-05-11,M02,Product_B,Morning,9,6.4,1.22,0.45,94.72,95.62,35.4,334.31,303,199,104,104,35.72,2.91,180,6,3142.8,Shortfall
2024-05-11,M05,Product_B,Morning,19,9.68,0.46,0.68,95.14,97.29,24.9,188.13,473,381,92,92,41.46,2.22,180,12,4795.2,Shortfall
2024-05-11,M04,Product_A,Morning,25,8.91,0.66,0.99,92.88,96.42,27.5,645.64,477,410,67,67,50.0,1.34,180,15,3618.0,Shortfall
2024-05-12,M02,Product_B,Night,26,9.19,0.16,0.64,99.62,96.42,27.7,274.17,415,365,50,50,41.11,1.22,230,16,4489.6,Shortfall
2024-05-12,M01,Product_C,Night,16,8.94,2.2,0.17,94.13,90.67,33.4,456.57,355,245,110,110,31.94,3.44,230,10,7912.0,Shortfall
2024-05-12,M01,Product_B,Evening,23,7.83,1.54,1.4,96.85,88.93,34.1,634.5,374,268,106,106,41.28,2.57,200,14,7196.0,Shortfall
2024-05-12,M01,Product_C,Night,18,8.89,1.81,1.64,76.78,88.27,29.3,428.23,350,199,151,151,27.18,5.56,230,11,14066.8,Shortfall
2024-05-12,M01,Product_A,Morning,24,10.76,1.28,0.02,76.74,96.1,23.8,387.34,625,399,226,226,39.71,5.69,180,15,15363.0,Shortfall
2024-05-12,M05,Product_A,Morning,8,10.59,2.31,1.11,81.27,90.04,20.8,296.5,577,295,282,282,33.03,8.54,180,5,7686.0,Shortfall
2024-05-12,M03,Product_C,Morning,10,8.9,1.24,0.82,91.98,94.95,35.3,536.04,406,257,149,149,32.4,4.6,180,6,4968.0,Shortfall
2024-05-12,M03,Product_A,Morning,27,10.6,1.54,0.85,85.64,97.06,36.8,195.64,627,428,199,199,45.26,4.4,180,17,13464.0,Shortfall
2024-05-13,M04,Product_B,Night,8,6.48,2.41,0.08,90.85,99.5,26.4,547.63,269,158,111,111,30.82,3.6,230,5,4140.0,Shortfall
2024-05-13,M05,Product_A,Evening,20,8.65,2.23,0.66,80.22,93.19,22.3,197.92,468,283,185,185,39.35,4.7,200,12,11280.0,Shortfall
2024-05-13,M03,Product_B,Morning,8,7.86,1.24,1.5,94.65,91.42,26.1,592.47,420,229,191,191,34.42,5.55,180,5,4995.0,Shortfall
2024-05-13,M03,Product_B,Evening,23,10.14,2.74,0.56,99.37,95.91,22.9,553.99,499,445,54,54,52.74,1.02,200,14,2856.0,Shortfall
2024-05-13,M02,Product_C,Morning,24,11.68,2.43,0.9,98.51,98.9,35.7,466.0,506,369,137,137,36.8,3.72,180,15,10044.0,Shortfall
2024-05-13,M01,Product_B,Morning,25,11.98,0.19,1.25,94.29,97.38,33.6,291.82,572,535,37,37,46.77,0.79,180,15,2133.0,Shortfall
2024-05-13,M04,Product_A,Evening,10,8.82,1.97,1.85,95.35,90.37,37.8,187.54,442,239,203,203,33.71,6.02,200,6,7224.0,Shortfall
2024-05-13,M05,Product_C,Morning,13,11.9,0.81,0.74,77.84,95.93,20.5,225.11,505,302,203,203,26.98,7.52,180,8,10828.8,Shortfall
2024-05-13,M02,Product_C,Night,11,8.73,0.95,0.57,77.15,95.3,33.0,576.26,327,202,125,125,25.22,4.96,230,7,7985.6,Shortfall
2024-05-14,M01,Product_B,Morning,23,8.72,2.59,1.02,98.82,98.58,37.2,488.69,417,324,93,93,46.7,1.99,180,14,5014.8,Shortfall
2024-05-14,M01,Product_A,Morning,26,8.76,1.15,0.62,91.27,97.52,28.3,400.73,471,393,78,78,49.68,1.57,180,16,4521.6,Shortfall
2024-05-14,M02,Product_C,Morning,14,11.64,0.13,0.98,99.34,94.02,27.2,238.17,500,392,108,108,34.92,3.09,180,9,5005.8,Shortfall
2024-05-14,M03,Product_A,Evening,26,6.84,2.78,0.79,87.14,99.45,20.9,562.78,384,266,118,118,52.84,2.23,200,16,7136.0,Shortfall
2024-05-14,M01,Product_B,Night,18,11.04,1.36,1.19,96.92,93.53,31.0,372.39,517,405,112,112,41.01,2.73,230,11,6906.9,Shortfall
2024-05-14,M01,Product_A,Evening,27,11.48,1.35,1.95,82.74,92.33,35.8,259.72,623,404,219,219,40.18,5.45,200,17,18530.0,Shortfall
2024-05-14,M01,Product_B,Morning,23,11.33,2.98,0.81,85.29,88.86,26.8,297.77,590,337,253,253,35.82,7.06,180,14,17791.2,Shortfall
2024-05-14,M05,Product_C,Night,13,7.99,0.16,0.1,76.54,98.03,25.6,435.8,314,221,93,93,28.09,3.31,230,8,6090.4,Shortfall
2024-05-14,M03,Product_B,Morning,29,11.6,2.24,0.92,86.37,99.54,20.9,619.61,601,472,129,129,46.98,2.75,180,18,8910.0,Shortfall
2024-05-15,M03,Product_A,Evening,22,9.97,0.27,1.66,92.85,99.7,35.6,392.59,552,441,111,111,47.72,2.33,200,14,6524.0,Shortfall
2024-05-15,M03,Product_B,Morning,15,10.74,2.65,1.58,91.17,96.6,29.7,194.97,575,356,219,219,40.78,5.37,180,9,8699.4,Shortfall
2024-05-15,M05,Product_B,Morning,10,10.16,1.32,1.45,84.02,98.46,36.8,560.04,512,305,207,207,34.17,6.06,180,6,6544.8,Shortfall
2024-05-15,M04,Product_A,Morning,17,6.23,1.75,0.3,97.03,88.47,21.1,304.52,313,220,93,93,42.62,2.18,180,11,4316.4,Shortfall
2024-05-15,M04,Product_B,Evening,20,6.54,0.64,1.55,96.41,97.17,20.6,626.0,292,213,79,79,37.73,2.09,200,12,5016.0,Shortfall
2024-05-15,M01,Product_A,Night,23,10.97,1.95,1.66,93.15,88.42,37.5,572.44,585,378,207,207,40.57,5.1,230,14,16422.0,Shortfall
2024-05-15,M04,Product_B,Morning,30,7.98,1.47,0.92,80.4,89.88,22.2,557.04,365,239,126,126,34.89,3.61,180,18,11696.4,Shortfall
2024-05-16,M05,Product_C,Morning,26,8.76,0.61,0.28,94.9,90.61,21.8,536.77,375,307,68,68,36.87,1.84,180,16,5299.2,Shortfall
2024-05-16,M04,Product_B,Morning,13,7.44,2.39,1.04,95.8,91.49,33.6,522.68,355,214,141,141,37.14,3.8,180,8,5472.0,Shortfall
2024-05-16,M04,Product_B,Morning,9,11.69,2.56,0.57,95.86,93.51,20.7,467.37,524,369,155,155,36.6,4.23,180,6,4568.4,Shortfall
2024-05-16,M04,Product_C,Night,8,6.7,1.73,1.99,93.05,90.26,25.4,372.04,241,136,105,105,26.92,3.9,230,5,4485.0,Shortfall
2024-05-16,M04,Product_A,Morning,14,11.68,0.94,1.36,78.03,93.12,31.0,584.21,636,398,238,238,37.24,6.39,180,9,10351.8,Shortfall
2024-05-16,M03,Product_B,Morning,10,8.3,2.15,1.44,90.3,99.74,31.4,456.35,437,270,167,167,40.83,4.09,180,6,4417.2,Shortfall
2024-05-16,M01,Product_A,Night,15,9.16,1.43,0.73,90.37,92.08,23.4,451.73,456,338,118,118,41.64,2.83,230,9,5858.1,Shortfall
2024-05-16,M03,Product_A,Night,19,10.6,2.69,0.72,79.87,95.26,29.4,573.13,559,347,212,212,39.13,5.42,230,12,14959.2,Shortfall
2024-05-16,M03,Product_B,Morning,18,10.05,0.41,0.64,82.22,88.26,21.8,578.87,513,333,180,180,34.69,5.19,180,11,10276.2,Shortfall
2024-05-16,M05,Product_C,Morning,30,8.21,1.78,1.68,96.77,97.56,24.8,501.14,358,265,93,93,39.89,2.33,180,18,7549.2,Shortfall
2024-05-16,M05,Product_B,Night,26,6.95,0.41,1.75,80.63,99.65,25.2,291.04,308,213,95,95,34.85,2.73,230,16,10046.4,Shortfall
2024-05-17,M01,Product_C,Morning,15,6.34,1.44,1.5,77.56,95.35,24.8,343.79,267,141,126,126,28.07,4.49,180,9,7273.8,Shortfall
2024-05-17,M05,Product_A,Morning,17,7.18,0.38,0.95,86.06,97.17,27.4,319.93,398,299,99,99,45.04,2.2,180,11,4356.0,Shortfall
2024-05-17,M02,Product_B,Evening,20,11.53,1.76,0.99,86.6,98.19,23.0,501.37,560,393,167,167,38.47,4.34,200,12,10416.0,Shortfall
2024-05-17,M04,Product_A,Morning,9,7.92,0.76,0.77,75.21,90.01,35.5,359.32,423,190,233,233,26.27,8.87,180,6,9579.6,Shortfall
2024-05-17,M01,Product_B,Night,19,9.89,1.39,0.06,90.99,90.73,34.0,535.69,441,347,94,94,38.11,2.47,230,12,6817.2,Shortfall
2024-05-17,M05,Product_C,Evening,19,6.68,1.03,1.53,78.75,96.61,29.0,354.43,275,148,127,127,26.53,4.79,200,12,11496.0,Shortfall
2024-05-18,M01,Product_A,Morning,30,11.07,1.91,0.15,99.01,89.89,24.6,600.17,630,526,104,104,52.77,1.97,180,18,6382.8,Shortfall
2024-05-18,M02,Product_A,Night,12,7.54,0.06,1.36,92.36,96.96,30.3,386.42,377,263,114,114,37.41,3.05,230,8,5612.0,Shortfall
2024-05-18,M01,Product_C,Night,13,7.67,2.55,0.02,78.82,92.32,32.5,380.92,308,149,159,159,23.8,6.68,230,8,12291.2,Shortfall
2024-05-19,M02,Product_A,Night,9,8.65,0.42,1.91,79.17,98.33,20.3,560.1,412,252,160,160,32.51,4.92,230,6,6789.6,Shortfall
2024-05-19,M04,Product_A,Night,14,7.34,1.36,1.5,90.24,91.93,32.7,548.62,355,213,142,142,35.11,4.04,230,9,8362.8,Shortfall
2024-05-19,M04,Product_C,Morning,20,10.38,1.76,1.08,96.99,94.51,28.1,483.59,411,327,84,84,36.2,2.32,180,12,5011.2,Shortfall
2024-05-19,M04,Product_B,Morning,30,11.82,1.89,1.18,86.95,98.59,29.1,273.64,544,435,109,109,41.96,2.6,180,18,8424.0,Shortfall
2024-05-19,M02,Product_B,Evening,12,10.69,1.65,1.15,89.94,94.33,26.3,604.96,480,328,152,152,34.97,4.35,200,8,6960.0,Shortfall
2024-05-19,M04,Product_A,Evening,21,10.03,1.01,0.82,89.52,89.84,32.1,508.34,502,360,142,142,39.18,3.62,200,13,9412.0,Shortfall
2024-05-19,M04,Product_A,Morning,17,8.36,1.34,0.86,85.49,92.08,37.8,555.95,448,255,193,193,34.83,5.54,180,11,10969.2,Shortfall
2024-05-19,M02,Product_B,Evening,23,11.49,0.59,0.51,96.45,93.3,23.6,373.53,523,466,57,57,42.41,1.34,200,14,3752.0,Shortfall
2024-05-20,M01,Product_B,Morning,22,11.35,2.32,0.68,88.34,90.21,34.4,424.05,580,369,211,211,37.52,5.62,180,14,14162.4,Shortfall
2024-05-20,M05,Product_C,Morning,22,10.31,0.87,1.19,77.98,90.29,21.4,445.24,444,276,168,168,29.31,5.73,180,14,14439.6,Shortfall
2024-05-20,M02,Product_C,Evening,14,6.47,1.54,0.33,75.12,92.51,31.7,383.35,264,120,144,144,21.79,6.61,200,9,11898.0,Shortfall
2024-05-20,M04,Product_A,Evening,14,8.82,1.54,0.59,85.02,88.07,35.0,330.26,450,270,180,180,34.76,5.18,200,9,9324.0,Shortfall
2024-05-20,M02,Product_B,Morning,24,6.43,1.94,1.01,96.57,94.2,26.5,388.75,296,224,72,72,44.72,1.61,180,15,4347.0,Shortfall
2024-05-20,M03,Product_C,Morning,10,7.26,0.68,1.21,98.55,93.12,32.1,291.92,317,198,119,119,30.64,3.88,180,6,4190.4,Shortfall
2024-05-20,M04,Product_C,Night,20,8.76,1.82,1.43,75.27,95.92,20.2,197.56,330,177,153,153,24.39,6.27,230,12,17305.2,Shortfall
2024-05-20,M01,Product_C,Evening,25,7.05,1.66,1.22,85.75,90.21,20.6,413.23,299,162,137,137,28.37,4.83,200,15,14490.0,Shortfall
2024-05-20,M05,Product_A,Night,26,6.6,2.01,1.01,83.3,88.21,26.9,374.26,347,204,143,143,39.68,3.6,230,16,13248.0,Shortfall
2024-05-20,M05,Product_A,Evening,9,7.32,2.13,0.26,88.71,96.36,21.5,447.3,375,235,140,140,38.79,3.61,200,6,4332.0,Shortfall
2024-05-21,M01,Product_A,Night,22,9.29,1.54,1.57,85.69,91.01,26.3,454.3,497,305,192,192,38.64,4.97,230,14,16003.4,Shortfall
2024-05-21,M04,Product_B,Evening,11,10.01,2.05,1.89,92.96,90.6,23.4,232.05,454,277,177,177,33.69,5.25,200,7,7350.0,Shortfall
2024-05-21,M05,Product_B,Evening,13,9.05,0.69,1.72,85.93,97.11,32.1,430.86,426,297,129,129,36.81,3.5,200,8,5600.0,Shortfall
2024-05-21,M02,Product_A,Night,22,6.79,1.91,0.8,98.51,92.04,36.8,608.21,319,240,79,79,43.96,1.8,230,14,5796.0,Shortfall
2024-05-21,M05,Product_A,Morning,29,10.61,1.73,1.44,80.7,94.56,25.5,214.46,612,375,237,237,40.96,5.79,180,18,18759.6,Shortfall
2024-05-21,M02,Product_A,Morning,16,7.57,0.24,0.8,75.63,93.59,22.6,513.41,418,260,158,158,36.32,4.35,180,10,7830.0,Shortfall
2024-05-21,M04,Product_B,Morning,25,9.31,2.56,0.02,87.7,91.19,33.9,648.23,425,297,128,128,37.62,3.4,180,15,9180.0,Shortfall
2024-05-21,M02,Product_A,Evening,25,11.66,0.51,0.52,85.35,97.56,33.0,350.43,620,477,143,143,42.6,3.36,200,15,10080.0,Shortfall
2024-05-22,M04,Product_A,Morning,29,9.74,1.98,1.66,93.2,90.82,30.4,397.98,487,382,105,105,47.34,2.22,180,18,7192.8,Shortfall
2024-05-22,M05,Product_C,Morning,17,7.42,0.19,1.88,99.79,97.42,35.4,411.83,301,262,39,39,39.35,0.99,180,11,1960.2,Shortfall
2024-05-22,M01,Product_C,Morning,14,9.93,2.76,0.7,77.33,92.71,23.1,435.22,442,230,212,212,28.16,7.53,180,9,12198.6,Shortfall
2024-05-22,M02,Product_C,Morning,15,9.8,0.71,1.9,90.01,91.53,25.7,323.4,405,283,122,122,32.36,3.77,180,9,6107.4,Shortfall
2024-05-22,M05,Product_C,Morning,30,10.06,1.15,1.51,82.68,98.72,22.1,407.68,422,331,91,91,37.2,2.45,180,18,7938.0,Shortfall
2024-05-22,M02,Product_B,Night,11,6.76,1.08,0.0,75.65,90.18,27.7,509.31,306,160,146,146,25.95,5.63,230,7,9064.3,Shortfall
2024-05-22,M03,Product_B,Morning,20,10.25,2.59,1.43,95.66,98.66,38.0,620.76,515,358,157,157,43.0,3.65,180,12,7884.0,Shortfall
2024-05-23,M03,Product_A,Evening,27,6.38,0.9,0.32,92.34,88.62,34.7,565.09,348,246,102,102,42.61,2.39,200,17,8126.0,Shortfall
2024-05-23,M03,Product_A,Night,14,10.25,0.05,0.52,91.53,95.94,25.0,226.71,548,423,125,125,42.13,2.97,230,9,6147.9,Shortfall
2024-05-23,M04,Product_B,Morning,16,7.21,2.14,1.24,95.91,91.62,24.6,201.04,339,215,124,124,38.4,3.23,180,10,5814.0,Shortfall
2024-05-23,M03,Product_A,Evening,29,8.7,2.85,1.02,87.75,92.8,33.4,337.97,497,326,171,171,48.11,3.55,200,18,12780.0,Shortfall
2024-05-23,M05,Product_C,Morning,28,9.72,1.19,0.53,94.96,92.45,33.7,486.16,393,331,62,62,37.27,1.66,180,17,5079.6,Shortfall
2024-05-23,M02,Product_C,Evening,10,9.43,2.94,1.98,84.42,98.49,37.1,305.4,398,180,218,218,25.28,8.62,200,6,10344.0,Shortfall
2024-05-23,M04,Product_B,Evening,23,10.79,0.66,1.4,81.34,94.2,33.9,520.5,468,328,140,140,33.01,4.24,200,14,11872.0,Shortfall
2024-05-23,M05,Product_C,Evening,14,10.83,0.8,0.69,92.39,93.11,22.8,321.0,447,339,108,108,33.4,3.23,200,9,5814.0,Shortfall
2024-05-23,M03,Product_A,Morning,18,7.79,2.99,0.98,91.8,88.73,37.7,493.75,450,243,207,207,41.88,4.94,180,11,9781.2,Shortfall
2024-05-23,M05,Product_B,Evening,28,11.75,0.7,1.87,93.96,94.24,31.9,456.41,579,470,109,109,43.88,2.48,200,17,8432.0,Shortfall
2024-05-23,M04,Product_B,Morning,10,7.72,2.76,0.69,88.84,88.34,21.8,394.7,347,179,168,168,30.03,5.59,180,6,6037.2,Shortfall
2024-05-23,M05,Product_C,Evening,20,11.68,1.02,0.86,98.2,99.16,23.9,353.44,471,418,53,53,38.64,1.37,200,12,3288.0,Shortfall
2024-05-24,M05,Product_A,Evening,15,7.39,0.01,1.69,79.8,94.89,20.7,618.96,388,242,146,146,35.62,4.1,200,9,7380.0,Shortfall
2024-05-24,M02,Product_C,Evening,27,10.63,2.27,0.18,91.04,95.98,27.0,539.95,427,347,80,80,37.24,2.15,200,17,7310.0,Shortfall
2024-05-24,M05,Product_A,Morning,12,11.66,1.72,0.25,75.31,97.99,24.0,180.67,666,358,308,308,33.69,9.14,180,8,13161.6,Shortfall
2024-05-24,M04,Product_C,Evening,24,8.46,2.42,0.94,80.92,88.55,20.4,607.5,340,183,157,157,26.91,5.83,200,15,17490.0,Shortfall
2024-05-24,M02,Product_A,Morning,19,11.06,2.16,1.74,79.14,92.13,21.3,426.98,619,365,254,254,39.4,6.45,180,12,13932.0,Shortfall
2024-05-24,M03,Product_A,Evening,28,7.75,2.2,1.44,86.03,88.7,28.8,526.96,430,294,136,136,48.71,2.79,200,17,9486.0,Shortfall
2024-05-24,M02,Product_C,Morning,22,8.7,1.21,1.14,90.03,94.15,32.8,484.76,356,263,93,93,34.44,2.7,180,14,6804.0,Shortfall
2024-05-24,M01,Product_A,Evening,29,7.81,1.33,0.26,94.86,95.66,27.0,466.82,434,350,84,84,50.09,1.68,200,18,6048.0,Shortfall
2024-05-24,M04,Product_C,Evening,17,11.58,1.77,0.46,76.83,96.98,36.9,355.88,461,268,193,193,25.66,7.52,200,11,16544.0,Shortfall
2024-05-24,M05,Product_A,Morning,10,6.11,1.41,1.22,91.59,88.05,26.4,573.36,329,205,124,124,41.77,2.97,180,6,3207.6,Shortfall
2024-05-24,M04,Product_A,Morning,17,10.0,2.73,0.01,99.29,91.66,29.4,396.12,531,371,160,160,43.67,3.66,180,11,7246.8,Shortfall
2024-05-24,M05,Product_A,Morning,25,6.72,2.04,0.95,89.12,95.04,27.3,538.05,362,230,132,132,43.68,3.02,180,15,8154.0,Shortfall
2024-05-24,M02,Product_C,Evening,8,8.15,1.0,1.61,95.44,91.73,31.6,344.15,328,200,128,128,28.42,4.5,200,5,4500.0,Shortfall
2024-05-25,M05,Product_C,Night,14,10.98,0.03,1.16,84.22,98.09,28.3,368.77,432,320,112,112,30.31,3.7,230,9,7659.0,Shortfall
2024-05-25,M01,Product_A,Evening,10,6.04,1.32,0.5,84.99,91.51,37.5,330.19,317,163,154,154,31.72,4.85,200,6,5820.0,Shortfall
2024-05-25,M04,Product_B,Morning,25,10.36,2.85,0.35,81.41,98.52,25.9,337.9,496,336,160,160,38.75,4.13,180,15,11151.0,Shortfall
2024-05-25,M03,Product_C,Morning,27,8.79,2.56,1.87,92.22,93.86,22.7,264.83,392,266,126,126,39.54,3.19,180,17,9761.4,Shortfall
2024-05-25,M05,Product_A,Evening,9,7.16,0.91,0.48,82.26,88.61,22.4,290.23,391,209,182,182,32.2,5.65,200,6,6780.0,Shortfall
2024-05-25,M01,Product_A,Morning,27,6.47,2.5,0.76,82.51,95.13,22.6,258.48,367,233,134,134,48.25,2.78,180,17,8506.8,Shortfall
2024-05-25,M02,Product_A,Evening,14,8.1,0.46,0.95,88.59,88.12,20.6,638.03,430,280,150,150,37.26,4.03,200,9,7254.0,Shortfall
2024-05-25,M04,Product_A,Night,8,9.99,1.49,0.45,83.34,89.96,27.9,571.53,461,254,207,207,28.18,7.35,230,5,8452.5,Shortfall
2024-05-25,M05,Product_B,Night,30,9.01,0.67,0.34,83.22,99.46,37.2,495.38,409,303,106,106,35.55,2.98,230,18,12337.2,Shortfall
2024-05-25,M05,Product_B,Morning,13,8.38,1.38,0.7,95.5,89.6,20.2,202.38,410,267,143,143,36.2,3.95,180,8,5688.0,Shortfall
2024-05-26,M05,Product_B,Night,20,8.84,0.35,1.35,90.55,98.19,23.1,234.43,381,304,77,77,37.19,2.07,230,12,5713.2,Shortfall
2024-05-26,M04,Product_B,Morning,29,6.23,0.4,1.18,83.08,98.21,37.0,320.45,300,225,75,75,40.2,1.87,180,18,6058.8,Shortfall
2024-05-26,M05,Product_A,Night,30,11.52,0.76,1.7,83.28,90.72,20.5,426.24,563,423,140,140,40.26,3.48,230,18,14407.2,Shortfall
2024-05-26,M05,Product_B,Morning,21,6.16,1.37,0.86,92.47,94.51,29.0,192.43,305,183,122,122,35.84,3.4,180,13,7956.0,Shortfall
2024-05-26,M01,Product_A,Evening,11,11.22,0.32,0.68,77.25,95.34,27.6,225.44,634,391,243,243,36.18,6.72,200,7,9408.0,Shortfall
2024-05-26,M04,Product_C,Morning,25,10.57,2.4,1.29,99.71,95.36,24.0,343.97,427,324,103,103,36.82,2.8,180,15,7560.0,Shortfall
2024-05-26,M05,Product_C,Night,17,6.12,0.59,1.73,94.98,92.01,21.7,288.4,232,147,85,85,28.32,3.0,230,11,7590.0,Shortfall
2024-05-26,M05,Product_B,Morning,19,7.27,2.53,1.22,76.05,98.11,25.0,645.17,348,187,161,161,34.3,4.69,180,12,10130.4,Shortfall
2024-05-26,M01,Product_B,Night,22,7.38,0.89,0.34,85.74,96.54,24.5,349.99,339,249,90,90,36.77,2.45,230,14,7889.0,Shortfall
2024-05-26,M05,Product_A,Morning,27,7.49,2.92,1.81,75.76,91.13,23.4,306.9,410,190,220,220,36.19,6.08,180,17,18604.8,Shortfall
2024-05-26,M02,Product_B,Morning,12,7.12,1.23,1.34,87.11,92.85,23.9,578.6,325,214,111,111,35.82,3.1,180,8,4464.0,Shortfall
2024-05-26,M03,Product_B,Night,12,11.45,2.85,0.34,94.64,94.26,35.9,595.43,529,330,199,199,33.8,5.89,230,8,10837.6,Shortfall
2024-05-27,M03,Product_B,Evening,10,6.32,0.7,1.01,98.43,95.65,34.8,601.47,328,227,101,101,40.67,2.48,200,6,2976.0,Shortfall
2024-05-27,M02,Product_C,Evening,27,11.77,2.83,1.87,79.38,96.19,33.8,419.88,491,283,208,208,29.61,7.02,200,17,23868.0,Shortfall
2024-05-27,M02,Product_C,Night,18,6.24,0.93,0.18,84.13,92.3,33.8,593.28,226,137,89,89,24.18,3.68,230,11,9310.4,Shortfall
2024-05-27,M05,Product_B,Evening,11,6.29,2.19,0.81,89.0,97.18,25.1,366.38,291,178,113,113,37.07,3.05,200,7,4270.0,Shortfall
2024-05-27,M03,Product_A,Evening,11,10.62,0.81,1.82,84.13,89.97,23.0,456.07,608,364,244,244,38.17,6.39,200,7,8946.0,Shortfall
2024-05-27,M01,Product_C,Morning,8,6.93,2.68,0.79,98.83,95.25,22.7,466.29,307,161,146,146,31.08,4.7,180,5,4230.0,Shortfall
2024-05-27,M05,Product_C,Night,20,6.97,0.97,1.01,76.68,94.58,29.7,395.84,260,191,69,69,31.4,2.2,230,12,6072.0,Shortfall
2024-05-27,M01,Product_C,Morning,19,9.48,2.35,1.95,79.73,91.78,20.8,523.55,415,243,172,172,32.38,5.31,180,12,11469.6,Shortfall
2024-05-27,M04,Product_B,Morning,19,6.4,0.69,0.15,86.51,88.19,30.5,431.43,305,212,93,93,35.52,2.62,180,12,5659.2,Shortfall
2024-05-28,M01,Product_B,Morning,9,10.87,1.49,1.14,91.83,94.72,23.8,622.28,524,363,161,161,37.61,4.28,180,6,4622.4,Shortfall
2024-05-28,M04,Product_A,Night,30,9.33,1.5,1.25,97.46,94.72,34.3,612.76,449,380,69,69,47.1,1.46,230,18,6044.4,Shortfall
2024-05-28,M05,Product_A,Evening,25,9.34,2.34,0.79,83.35,92.65,20.9,568.54,496,375,121,121,48.22,2.51,200,15,7530.0,Shortfall
2024-05-28,M03,Product_B,Morning,30,10.49,2.54,0.52,96.36,99.73,27.8,635.1,536,468,68,68,52.52,1.29,180,18,4179.6,Shortfall
2024-05-28,M05,Product_A,Morning,10,9.2,1.51,1.78,76.63,88.8,26.6,291.0,530,260,270,270,33.56,8.05,180,6,8694.0,Shortfall
2024-05-28,M04,Product_C,Evening,27,7.37,2.58,0.54,85.37,90.59,28.9,499.19,289,173,116,116,30.02,3.86,200,17,13124.0,Shortfall
2024-05-28,M05,Product_C,Morning,28,11.38,1.93,0.73,79.64,99.52,37.0,490.74,496,322,174,174,32.0,5.44,180,17,16646.4,Shortfall
2024-05-29,M05,Product_A,Morning,29,7.66,2.46,0.28,90.35,98.52,22.9,254.13,420,295,125,125,47.51,2.63,180,18,8521.2,Shortfall
2024-05-29,M01,Product_B,Night,24,11.23,1.93,0.97,86.7,93.15,32.5,379.46,507,370,137,137,37.64,3.64,230,15,12558.0,Shortfall
2024-05-29,M04,Product_A,Evening,11,11.6,1.55,0.2,89.43,90.59,24.6,573.94,562,402,160,160,37.65,4.25,200,7,5950.0,Shortfall
2024-05-29,M04,Product_A,Night,10,11.33,2.98,2.0,99.83,98.02,22.5,339.65,528,376,152,152,41.82,3.63,230,6,5009.4,Shortfall
2024-05-29,M04,Product_C,Morning,17,8.3,0.2,0.06,84.38,89.78,24.8,503.96,347,218,129,129,26.69,4.83,180,11,9563.4,Shortfall
2024-05-29,M04,Product_A,Morning,25,8.24,0.72,0.57,77.27,95.68,28.3,617.11,428,288,140,140,37.67,3.72,180,15,10044.0,Shortfall
2024-05-30,M05,Product_A,Morning,26,8.75,0.53,0.69,95.83,90.26,30.0,644.25,484,404,80,80,49.17,1.63,180,16,4694.4,Shortfall
2024-05-30,M03,Product_A,Morning,14,6.69,1.76,0.46,79.95,91.98,33.7,196.45,378,192,186,186,34.53,5.39,180,9,8731.8,Shortfall
2024-05-30,M04,Product_A,Morning,11,10.02,0.81,1.27,90.21,95.94,25.2,313.64,505,344,161,161,37.68,4.27,180,7,5380.2,Shortfall
2024-05-30,M04,Product_A,Night,12,9.0,1.51,0.09,98.26,92.86,21.8,604.37,434,336,98,98,41.29,2.37,230,8,4360.8,Shortfall
2024-05-30,M01,Product_A,Morning,30,6.26,1.04,1.44,78.27,88.65,37.8,363.6,339,202,137,137,38.97,3.52,180,18,11404.8,Shortfall
2024-05-30,M04,Product_C,Morning,13,6.5,1.31,1.03,81.05,98.58,32.7,196.49,258,141,117,117,26.02,4.5,180,8,6480.0,Shortfall
2024-05-30,M05,Product_A,Evening,16,8.13,0.51,0.9,75.55,98.35,21.2,338.61,449,282,167,167,37.43,4.46,200,10,8920.0,Shortfall
2024-05-30,M05,Product_A,Morning,24,8.11,1.24,1.34,91.28,98.56,22.5,441.7,455,344,111,111,49.43,2.25,180,15,6075.0,Shortfall
2024-05-30,M03,Product_A,Night,29,11.42,2.36,0.24,79.12,91.61,25.5,557.2,586,392,194,194,39.05,4.97,230,18,20575.8,Shortfall
2024-05-30,M04,Product_A,Evening,20,11.4,2.32,1.05,78.06,97.85,31.9,384.22,591,376,215,215,38.54,5.58,200,12,13392.0,Shortfall
2024-05-30,M04,Product_B,Morning,10,11.38,2.76,1.06,83.67,90.45,25.2,565.69,514,291,223,223,30.66,7.27,180,6,7851.6,Shortfall
2024-05-30,M03,Product_A,Morning,21,8.76,0.68,0.17,89.14,99.22,29.0,516.26,508,394,114,114,47.32,2.41,180,13,5639.4,Shortfall
2024-05-30,M05,Product_C,Evening,27,6.03,1.6,1.02,79.9,90.66,37.9,471.7,256,135,121,121,28.17,4.3,200,17,14620.0,Shortfall
2024-05-31,M03,Product_C,Morning,26,11.83,2.17,1.09,85.26,90.81,35.3,624.32,549,361,188,188,35.2,5.34,180,16,15379.2,Shortfall
2024-05-31,M03,Product_A,Evening,29,11.63,2.65,1.08,81.32,98.08,23.4,640.88,638,451,187,187,46.05,4.06,200,18,14616.0,Shortfall
2024-05-31,M01,Product_B,Night,10,10.53,1.44,1.39,79.18,98.58,27.3,612.4,489,286,203,203,30.91,6.57,230,6,9066.6,Shortfall
2024-05-31,M02,Product_B,Morning,20,10.28,1.55,1.84,93.5,96.18,34.2,419.03,476,342,134,134,38.94,3.44,180,12,7430.4,Shortfall
2024-05-31,M04,Product_B,Evening,23,10.06,2.59,1.54,95.92,92.51,25.3,301.28,465,321,144,144,39.65,3.63,200,14,10164.0,Shortfall
2024-05-31,M04,Product_B,Morning,26,7.1,2.85,1.38,96.53,96.14,29.3,555.08,342,227,115,115,44.95,2.56,180,16,7372.8,Shortfall
2024-05-31,M01,Product_A,Evening,10,7.81,2.11,1.05,98.18,95.85,37.2,607.26,410,266,144,144,42.34,3.4,200,6,4080.0,Shortfall
2024-05-31,M01,Product_A,Evening,12,11.51,1.3,1.99,93.24,93.01,24.3,240.0,654,417,237,237,41.29,5.74,200,8,9184.0,Shortfall
2024-05-31,M01,Product_C,Night,21,7.62,1.29,0.74,95.83,91.77,23.1,185.84,297,217,80,80,32.62,2.45,230,13,7325.5,Shortfall
2024-05-31,M01,Product_A,Night,28,7.9,0.99,1.88,75.21,91.0,32.0,364.23,417,237,180,180,35.39,5.09,230,17,19901.9,Shortfall
2024-05-31,M02,Product_B,Morning,17,8.15,2.88,1.18,83.6,93.65,25.4,287.83,397,237,160,160,38.52,4.15,180,11,8217.0,Shortfall
2024-05-31,M02,Product_A,Morning,11,8.82,0.05,0.27,96.44,90.85,23.9,517.87,471,347,124,124,39.89,3.11,180,7,3918.6,Shortfall
2024-05-31,M03,Product_A,Evening,24,10.48,1.44,0.08,94.05,95.86,21.3,357.98,613,500,113,113,51.76,2.18,200,15,6540.0,Shortfall
2024-05-31,M05,Product_B,Night,23,10.91,0.35,1.14,77.37,89.87,38.0,340.96,465,302,163,163,29.27,5.57,230,14,17935.4,Shortfall
2024-05-31,M04,Product_B,Evening,22,7.25,1.7,0.22,91.66,94.69,28.0,264.98,318,248,70,70,39.76,1.76,200,14,4928.0,Shortfall
2024-06-01,M01,Product_C,Evening,15,11.28,2.16,1.83,80.35,92.26,36.6,214.57,455,249,206,206,26.35,7.82,200,9,14076.0,Shortfall
2024-06-01,M02,Product_A,Night,14,11.69,2.88,0.61,95.44,95.9,36.5,370.97,553,384,169,169,38.82,4.35,230,9,9004.5,Shortfall
2024-06-01,M01,Product_B,Morning,14,6.47,2.2,0.12,84.21,89.32,26.3,592.82,326,184,142,142,35.26,4.03,180,9,6528.6,Shortfall
2024-06-01,M02,Product_B,Night,14,8.08,1.26,0.53,95.87,96.03,32.8,410.25,356,243,113,113,33.74,3.35,230,9,6934.5,Shortfall
2024-06-01,M02,Product_A,Evening,21,11.57,0.56,0.25,88.65,92.6,32.9,620.76,593,469,124,124,41.97,2.95,200,13,7670.0,Shortfall
2024-06-01,M02,Product_A,Night,21,9.2,0.15,1.72,79.32,92.28,26.1,360.25,463,303,160,160,35.58,4.5,230,13,13455.0,Shortfall
2024-06-01,M04,Product_A,Night,22,7.86,2.99,1.64,89.6,90.53,26.2,537.06,369,208,161,161,36.87,4.37,230,14,14071.4,Shortfall
2024-06-01,M01,Product_C,Night,30,11.62,2.63,0.82,87.28,99.58,36.2,247.41,439,321,118,118,32.47,3.63,230,18,15028.2,Shortfall
2024-06-01,M03,Product_C,Morning,16,11.29,0.51,1.5,89.03,97.84,23.3,602.7,494,378,116,116,36.05,3.22,180,10,5796.0,Shortfall
2024-06-01,M05,Product_A,Morning,22,10.14,2.69,1.81,99.35,95.23,31.0,604.56,565,425,140,140,52.95,2.64,180,14,6652.8,Shortfall
2024-06-02,M02,Product_B,Morning,8,8.45,2.39,1.87,96.31,92.46,37.9,197.82,422,205,217,217,31.63,6.86,180,5,6174.0,Shortfall
2024-06-02,M03,Product_A,Morning,8,7.13,0.43,1.3,93.97,92.54,21.3,462.83,397,271,126,126,42.09,2.99,180,5,2691.0,Shortfall
2024-06-02,M01,Product_A,Morning,15,11.69,1.03,0.38,82.74,94.8,29.4,459.41,641,438,203,203,39.85,5.09,180,9,8245.8,Shortfall
2024-06-02,M05,Product_A,Night,10,6.28,1.51,1.93,79.12,96.09,27.8,386.9,302,162,140,140,33.93,4.13,230,6,5699.4,Shortfall
2024-06-02,M05,Product_B,Night,28,8.68,1.0,0.71,81.88,98.38,33.3,435.05,398,294,104,104,37.3,2.79,230,17,10908.9,Shortfall
2024-06-02,M01,Product_A,Morning,25,8.3,1.54,1.24,85.6,95.74,26.4,480.49,477,347,130,130,49.44,2.63,180,15,7101.0,Shortfall
2024-06-02,M04,Product_A,Evening,22,9.18,1.37,0.6,77.02,94.89,28.4,331.43,481,307,174,174,37.36,4.66,200,14,13048.0,Shortfall
2024-06-02,M05,Product_A,Morning,16,9.62,1.69,1.81,92.36,90.06,26.0,548.9,524,355,169,169,44.06,3.84,180,10,6912.0,Shortfall
2024-06-02,M01,Product_A,Morning,15,10.38,1.3,1.11,96.46,94.45,35.2,434.76,584,413,171,171,44.52,3.84,180,9,6220.8,Shortfall
2024-06-02,M03,Product_B,Morning,14,6.08,0.09,0.5,86.62,91.57,31.8,465.9,320,207,113,113,35.35,3.2,180,9,5184.0,Shortfall
2024-06-02,M02,Product_B,Evening,18,8.0,0.6,1.79,99.02,93.71,37.7,316.28,365,272,93,93,38.62,2.41,200,11,5302.0,Shortfall
2024-06-02,M03,Product_B,Evening,16,6.43,0.07,1.95,90.88,90.27,29.5,629.16,326,211,115,115,36.96,3.11,200,10,6220.0,Shortfall
2024-06-02,M01,Product_C,Evening,24,9.17,0.23,0.36,99.7,91.44,25.5,531.95,370,364,6,6,40.82,0.15,200,15,450.0,Minor Shortfall
2024-06-03,M03,Product_B,Evening,13,8.72,2.45,1.78,75.37,92.58,30.4,302.43,420,172,248,248,25.48,9.73,200,8,15568.0,Shortfall
2024-06-03,M05,Product_B,Morning,21,11.29,1.92,0.64,75.83,99.63,29.3,201.83,547,356,191,191,35.56,5.37,180,13,12565.8,Shortfall
2024-06-03,M05,Product_B,Morning,20,11.6,1.26,1.02,91.44,94.62,33.7,528.18,580,405,175,175,38.39,4.56,180,12,9849.6,Shortfall
2024-06-03,M04,Product_B,Evening,14,6.97,1.23,0.92,97.12,92.94,32.5,206.77,318,234,84,84,39.19,2.14,200,9,3852.0,Shortfall
2024-06-03,M05,Product_A,Evening,27,11.91,0.64,1.57,88.3,88.43,29.1,207.26,641,458,183,183,41.6,4.4,200,17,14960.0,Shortfall
2024-06-03,M04,Product_B,Morning,11,11.01,2.8,1.82,89.42,99.05,27.4,482.56,493,333,160,160,37.7,4.24,180,7,5342.4,Shortfall
2024-06-03,M04,Product_C,Evening,29,11.86,2.09,1.95,82.45,90.22,21.4,495.97,465,308,157,157,30.71,5.11,200,18,18396.0,Shortfall
2024-06-03,M04,Product_C,Evening,18,11.15,0.76,0.4,96.36,99.0,22.8,247.35,421,387,34,34,36.54,0.93,200,11,2046.0,Shortfall
2024-06-04,M05,Product_B,Night,11,7.19,0.66,0.13,76.46,94.04,36.0,595.42,329,181,148,148,26.69,5.55,230,7,8935.5,Shortfall
2024-06-04,M04,Product_A,Night,25,8.06,2.26,0.5,78.55,96.34,24.7,355.04,384,240,144,144,36.13,3.99,230,15,13765.5,Shortfall
2024-06-05,M01,Product_A,Morning,21,9.12,2.09,1.5,89.48,94.61,20.4,587.96,488,342,146,146,45.93,3.18,180,13,7441.2,Shortfall
2024-06-05,M02,Product_B,Evening,25,9.03,2.61,1.36,89.42,90.92,35.0,549.95,410,263,147,147,36.95,3.98,200,15,11940.0,Shortfall
2024-06-05,M04,Product_B,Night,27,7.18,1.72,0.2,94.81,98.47,30.6,344.18,301,249,52,52,40.4,1.29,230,17,5043.9,Shortfall
2024-06-05,M01,Product_B,Night,20,7.01,1.45,0.87,89.09,88.24,28.4,422.17,306,211,95,95,35.71,2.66,230,12,7341.6,Shortfall
2024-06-05,M05,Product_A,Morning,22,8.58,0.27,0.65,83.59,99.34,20.7,640.6,471,383,88,88,46.68,1.89,180,14,4762.8,Shortfall
2024-06-05,M05,Product_B,Night,14,9.53,1.12,1.63,90.87,95.61,32.4,428.75,424,295,129,129,35.36,3.65,230,9,7555.5,Shortfall
2024-06-05,M01,Product_C,Night,8,8.76,0.31,1.07,87.84,93.47,24.6,622.66,347,230,117,117,28.0,4.18,230,5,4807.0,Shortfall
2024-06-05,M04,Product_A,Night,29,7.05,1.33,1.42,80.42,89.93,23.6,461.94,347,201,146,146,34.53,4.23,230,18,17512.2,Shortfall
2024-06-06,M04,Product_A,Evening,17,8.63,0.94,0.54,91.7,96.93,22.8,536.17,455,349,106,106,44.04,2.41,200,11,5302.0,Shortfall
2024-06-06,M04,Product_B,Morning,24,6.18,2.83,1.0,99.75,88.16,35.3,384.64,280,185,95,95,43.29,2.19,180,15,5913.0,Shortfall
2024-06-06,M03,Product_B,Night,21,11.52,1.32,0.48,93.28,94.63,32.4,531.04,530,436,94,94,41.03,2.29,230,13,6847.1,Shortfall
2024-06-06,M04,Product_B,Morning,10,9.01,0.52,1.44,93.85,89.87,37.7,649.96,419,278,141,141,33.82,4.17,180,6,4503.6,Shortfall
2024-06-06,M01,Product_A,Evening,25,11.37,2.11,0.51,96.23,98.55,27.2,385.26,612,537,75,75,53.53,1.4,200,15,4200.0,Shortfall
2024-06-06,M05,Product_A,Night,29,8.27,0.84,0.71,84.08,95.11,31.1,293.12,417,315,102,102,41.67,2.45,230,18,10143.0,Shortfall
2024-06-06,M02,Product_A,Morning,13,9.26,2.74,0.07,91.36,90.71,29.0,321.96,508,326,182,182,42.18,4.31,180,8,6206.4,Shortfall
2024-06-06,M01,Product_B,Evening,29,8.57,1.61,1.64,99.71,95.55,32.6,635.54,409,338,71,71,47.54,1.49,200,18,5364.0,Shortfall
2024-06-06,M05,Product_B,Morning,20,6.18,1.7,1.45,85.74,99.64,22.2,455.47,311,203,108,108,42.85,2.52,180,12,5443.2,Shortfall
2024-06-07,M01,Product_C,Night,23,7.2,1.05,0.19,76.82,99.95,31.0,551.16,275,203,72,72,30.96,2.33,230,14,7502.6,Shortfall
2024-06-07,M02,Product_A,Night,23,10.22,2.87,1.33,97.63,92.11,33.3,432.75,483,342,141,141,41.83,3.37,230,14,10851.4,Shortfall
2024-06-07,M04,Product_B,Morning,14,11.33,2.57,1.55,81.37,96.65,27.4,487.35,507,303,204,204,32.32,6.31,180,9,10222.2,Shortfall
2024-06-07,M05,Product_A,Morning,10,9.63,0.01,0.93,90.61,95.43,33.3,377.51,520,394,126,126,42.37,2.97,180,6,3207.6,Shortfall
2024-06-07,M04,Product_B,Morning,29,10.42,2.1,0.46,96.39,95.88,28.5,551.27,461,392,69,69,43.06,1.6,180,18,5184.0,Shortfall
2024-06-08,M04,Product_A,Morning,19,10.25,1.57,1.4,76.94,97.77,30.9,600.44,533,355,178,178,39.9,4.46,180,12,9633.6,Shortfall
2024-06-08,M01,Product_C,Morning,12,8.89,2.93,0.79,81.13,98.77,31.5,500.84,380,233,147,147,33.28,4.42,180,8,6364.8,Shortfall
2024-06-08,M05,Product_A,Night,22,9.13,0.53,1.89,78.33,89.61,26.9,324.21,441,282,159,159,34.49,4.61,230,14,14844.2,Shortfall
2024-06-08,M05,Product_A,Morning,9,6.28,1.25,1.32,86.1,97.07,35.0,246.79,335,201,134,134,39.18,3.42,180,6,3693.6,Shortfall
2024-06-08,M05,Product_C,Morning,12,6.19,0.49,0.76,83.0,90.78,23.8,460.66,262,162,100,100,28.65,3.49,180,8,5025.6,Shortfall
2024-06-08,M03,Product_A,Morning,21,6.06,2.77,1.86,82.87,95.86,28.8,621.14,349,167,182,182,42.98,4.23,180,13,9898.2,Shortfall
2024-06-08,M05,Product_B,Night,22,6.7,2.27,1.76,93.42,92.49,26.0,436.86,310,182,128,128,37.64,3.4,230,14,10948.0,Shortfall
2024-06-08,M05,Product_B,Morning,12,8.85,0.29,1.11,89.78,90.24,31.7,351.25,448,294,154,154,35.41,4.35,180,8,6264.0,Shortfall
2024-06-08,M04,Product_C,Morning,17,6.83,1.83,1.39,82.2,88.35,27.5,398.42,268,163,105,105,30.54,3.44,180,11,6811.2,Shortfall
2024-06-08,M02,Product_A,Morning,17,10.32,1.25,0.53,97.59,90.68,27.0,367.04,533,440,93,93,46.58,2.0,180,11,3960.0,Shortfall
2024-06-09,M04,Product_B,Morning,13,11.01,0.68,0.19,86.73,88.01,20.3,513.62,525,354,171,171,33.49,5.11,180,8,7358.4,Shortfall
2024-06-09,M02,Product_B,Morning,8,9.99,2.91,0.21,83.1,88.77,27.8,639.48,483,245,238,238,29.46,8.08,180,5,7272.0,Shortfall
2024-06-09,M02,Product_B,Night,22,11.77,1.85,1.85,86.45,97.89,34.6,352.03,532,346,186,186,34.24,5.43,230,14,17484.6,Shortfall
2024-06-09,M02,Product_A,Night,19,7.9,1.35,0.95,87.4,94.7,33.0,354.33,386,255,131,131,37.36,3.51,230,12,9687.6,Shortfall
2024-06-09,M03,Product_C,Morning,23,8.39,1.29,1.43,78.95,93.66,20.8,563.34,375,237,138,138,33.01,4.18,180,14,10533.6,Shortfall
2024-06-09,M01,Product_A,Evening,17,7.94,0.77,0.14,77.22,90.98,37.4,283.13,441,256,185,185,34.28,5.4,200,11,11880.0,Shortfall
2024-06-09,M03,Product_C,Evening,9,7.18,0.39,1.42,95.59,93.58,31.6,417.76,305,220,85,85,34.01,2.5,200,6,3000.0,Shortfall
2024-06-09,M01,Product_C,Morning,22,9.3,1.53,0.04,92.68,92.31,24.4,630.88,404,304,100,100,36.0,2.78,180,14,7005.6,Shortfall
2024-06-09,M04,Product_B,Night,23,9.03,0.96,1.01,93.5,99.51,27.1,277.71,388,323,65,65,39.64,1.64,230,14,5280.8,Shortfall
2024-06-09,M04,Product_B,Morning,12,10.84,0.49,1.65,85.79,94.97,36.7,267.94,486,315,171,171,31.52,5.43,180,8,7819.2,Shortfall
2024-06-09,M03,Product_B,Morning,28,8.16,2.18,0.86,78.21,95.05,27.1,599.48,403,239,164,164,35.89,4.57,180,17,13984.2,Shortfall
2024-06-09,M01,Product_A,Night,9,7.07,2.83,0.45,85.39,93.46,23.1,292.82,367,162,205,205,30.25,6.78,230,6,9356.4,Shortfall
2024-06-09,M04,Product_C,Evening,18,10.32,1.18,0.46,91.17,94.67,24.3,419.57,423,304,119,119,31.97,3.72,200,11,8184.0,Shortfall
2024-06-09,M02,Product_A,Evening,26,11.65,0.43,1.1,83.24,98.98,34.4,367.18,620,458,162,162,41.53,3.9,200,16,12480.0,Shortfall
2024-06-09,M04,Product_C,Night,14,7.82,2.3,1.12,85.07,98.9,27.3,335.75,282,173,109,109,28.07,3.88,230,9,8031.6,Shortfall
2024-06-10,M02,Product_C,Morning,28,8.86,1.19,1.91,98.62,88.03,34.0,355.22,369,258,111,111,34.23,3.24,180,17,9914.4,Shortfall
2024-06-10,M04,Product_A,Evening,26,9.07,1.18,0.4,96.05,99.65,35.4,329.36,479,401,78,78,48.42,1.61,200,16,5152.0,Shortfall
2024-06-10,M05,Product_B,Morning,17,9.84,2.99,1.78,86.2,94.57,28.8,230.99,496,273,223,223,36.05,6.19,180,11,12256.2,Shortfall
2024-06-10,M02,Product_A,Evening,25,7.52,1.71,1.73,99.58,94.64,28.0,205.67,381,293,88,88,49.05,1.79,200,15,5370.0,Shortfall
2024-06-10,M04,Product_C,Morning,11,8.21,0.03,1.82,79.91,97.03,21.9,507.76,326,191,135,135,25.28,5.34,180,7,6728.4,Shortfall
2024-06-10,M03,Product_B,Morning,23,8.03,0.1,0.38,90.55,92.76,25.6,473.47,427,342,85,85,43.61,1.95,180,14,4914.0,Shortfall
2024-06-10,M03,Product_A,Morning,25,10.38,2.41,0.46,87.73,90.12,29.4,613.43,618,430,188,188,48.35,3.89,180,15,10503.0,Shortfall
2024-06-10,M05,Product_B,Morning,15,8.92,1.52,0.72,86.92,96.73,23.4,606.94,440,311,129,129,39.71,3.25,180,9,5265.0,Shortfall
2024-06-11,M01,Product_C,Morning,19,11.63,1.32,0.18,98.68,88.44,21.3,297.76,509,413,96,96,38.1,2.52,180,12,5443.2,Shortfall
2024-06-11,M03,Product_A,Night,27,11.14,2.65,0.05,82.81,90.77,22.2,501.69,610,407,203,203,42.11,4.82,230,17,18846.2,Shortfall
2024-06-11,M02,Product_B,Night,16,9.41,1.46,0.44,95.48,89.21,30.1,533.11,427,283,144,144,33.48,4.3,230,10,9890.0,Shortfall
2024-06-11,M04,Product_A,Evening,16,9.27,1.49,0.86,96.75,98.55,33.3,646.61,454,367,87,87,45.03,1.93,200,10,3860.0,Shortfall
2024-06-11,M05,Product_A,Morning,14,7.24,0.51,1.13,93.89,97.65,30.6,416.34,409,303,106,106,46.16,2.3,180,9,3726.0,Shortfall
2024-06-11,M01,Product_B,Evening,27,8.64,0.77,0.98,78.2,94.43,37.3,428.86,435,288,147,147,36.58,4.02,200,17,13668.0,Shortfall
2024-06-12,M05,Product_C,Morning,14,7.35,1.49,0.64,92.57,88.65,34.7,183.05,305,177,128,128,28.07,4.56,180,9,7387.2,Shortfall
2024-06-12,M02,Product_A,Morning,24,10.18,1.44,1.24,76.23,96.7,37.4,422.04,553,349,204,204,38.98,5.23,180,15,14121.0,Shortfall
2024-06-12,M04,Product_A,Morning,10,10.02,1.81,1.08,76.94,92.73,30.8,182.79,500,264,236,236,30.53,7.73,180,6,8348.4,Shortfall
2024-06-12,M01,Product_A,Morning,11,10.52,2.02,1.02,79.36,93.33,36.0,625.67,620,329,291,291,36.35,8.01,180,7,10092.6,Shortfall
2024-06-12,M04,Product_B,Morning,20,10.04,0.59,1.37,90.15,93.57,27.3,329.97,456,322,134,134,34.86,3.84,180,12,8294.4,Shortfall
2024-06-12,M01,Product_A,Morning,23,11.79,1.32,0.4,76.17,95.33,30.5,450.08,633,451,182,182,41.29,4.41,180,14,11113.2,Shortfall
2024-06-12,M02,Product_B,Morning,22,10.87,2.48,1.58,82.84,90.35,36.0,308.46,535,288,247,247,32.17,7.68,180,14,19353.6,Shortfall
2024-06-12,M01,Product_A,Evening,13,11.67,0.19,0.75,83.92,99.97,32.3,454.26,650,462,188,188,40.87,4.6,200,8,7360.0,Shortfall
2024-06-12,M05,Product_C,Morning,18,7.68,1.17,0.91,77.34,98.26,26.6,500.87,341,218,123,123,32.45,3.79,180,11,7504.2,Shortfall
2024-06-12,M03,Product_B,Morning,25,8.62,2.11,0.37,79.57,96.5,29.4,582.14,421,312,109,109,42.56,2.56,180,15,6912.0,Shortfall
2024-06-12,M03,Product_B,Night,25,9.9,0.82,1.77,91.87,88.77,32.3,298.15,456,315,141,141,35.68,3.95,230,15,13627.5,Shortfall
2024-06-13,M05,Product_A,Morning,20,8.53,2.87,0.08,88.64,88.13,20.9,213.62,493,276,217,217,39.86,5.44,180,12,11750.4,Shortfall
2024-06-13,M01,Product_B,Evening,12,8.3,2.04,1.31,88.89,90.23,34.9,299.13,416,217,199,199,32.29,6.16,200,8,9856.0,Shortfall
2024-06-13,M01,Product_A,Night,25,7.13,2.58,0.21,95.27,90.27,22.5,480.68,380,262,118,118,46.47,2.54,230,15,8763.0,Shortfall
2024-06-13,M04,Product_A,Night,30,6.4,1.96,1.42,81.01,94.0,30.6,271.05,309,188,121,121,38.96,3.11,230,18,12875.4,Shortfall
2024-06-13,M01,Product_B,Night,9,6.94,1.97,1.23,89.87,98.14,29.2,378.87,323,167,156,156,30.78,5.07,230,6,6996.6,Shortfall
2024-06-13,M03,Product_A,Evening,8,10.94,1.91,1.38,98.66,96.16,29.8,544.74,633,416,217,217,44.22,4.91,200,5,4910.0,Shortfall
2024-06-14,M02,Product_B,Night,20,7.38,1.5,0.05,78.68,98.64,20.7,332.77,328,218,110,110,33.35,3.3,230,12,9108.0,Shortfall
2024-06-14,M04,Product_B,Morning,12,7.1,0.21,0.55,78.79,95.5,26.0,262.75,338,202,136,136,29.74,4.57,180,8,6580.8,Shortfall
2024-06-14,M05,Product_B,Night,14,10.6,0.07,1.35,98.26,88.68,28.0,261.14,477,337,140,140,33.4,4.19,230,9,8673.3,Shortfall
2024-06-14,M05,Product_C,Morning,23,10.92,0.22,0.99,90.61,94.6,35.3,437.06,480,370,110,110,35.4,3.11,180,14,7837.2,Shortfall
2024-06-14,M03,Product_B,Morning,11,9.61,1.63,1.31,81.59,95.22,22.7,503.6,497,272,225,225,32.95,6.83,180,7,8605.8,Shortfall
2024-06-14,M01,Product_A,Night,19,8.63,2.59,0.35,94.0,88.4,30.7,626.71,457,291,166,166,41.08,4.04,230,12,11150.4,Shortfall
2024-06-14,M03,Product_C,Morning,17,9.21,0.99,1.06,76.86,91.54,24.4,355.94,423,228,195,195,27.49,7.09,180,11,14038.2,Shortfall
2024-06-14,M03,Product_B,Night,10,8.11,2.83,0.33,88.33,93.0,32.6,484.02,377,226,151,151,35.1,4.3,230,6,5934.0,Shortfall
2024-06-14,M04,Product_C,Morning,14,9.36,1.0,1.78,83.37,88.71,25.8,331.26,394,247,147,147,30.17,4.87,180,9,7889.4,Shortfall
2024-06-15,M02,Product_A,Evening,18,7.04,0.14,1.88,82.63,94.0,31.3,371.85,385,239,146,146,37.91,3.85,200,11,8470.0,Shortfall
2024-06-15,M04,Product_A,Night,19,7.15,0.68,0.74,86.67,96.0,32.1,184.54,341,226,115,115,34.68,3.32,230,12,9163.2,Shortfall
2024-06-15,M02,Product_A,Evening,16,9.83,0.39,1.79,86.88,97.61,21.6,353.02,505,370,135,135,41.16,3.28,200,10,6560.0,Shortfall
2024-06-15,M04,Product_B,Night,21,7.25,0.3,0.97,97.46,97.93,30.4,436.37,297,266,31,31,39.43,0.79,230,13,2362.1,Shortfall
2024-06-15,M02,Product_A,Morning,8,9.87,1.32,1.08,86.78,91.88,29.2,365.02,552,299,253,253,34.11,7.42,180,5,6678.0,Shortfall
2024-06-16,M02,Product_A,Morning,16,11.4,0.27,0.17,79.24,94.21,35.0,415.12,638,378,260,260,33.77,7.7,180,10,13860.0,Shortfall
2024-06-16,M02,Product_B,Evening,14,8.04,0.91,0.53,98.12,90.73,22.5,223.8,369,277,92,92,37.67,2.44,200,9,4392.0,Shortfall
2024-06-16,M05,Product_A,Evening,23,10.88,1.56,0.45,81.53,94.7,23.5,647.21,558,411,147,147,41.66,3.53,200,14,9884.0,Shortfall
2024-06-16,M01,Product_A,Evening,19,6.95,0.13,0.85,91.7,88.95,20.6,559.82,368,303,65,65,46.04,1.41,200,12,3384.0,Shortfall
2024-06-16,M02,Product_C,Evening,20,7.88,1.93,1.29,78.3,93.77,20.1,593.76,328,185,143,143,29.06,4.92,200,12,11808.0,Shortfall
2024-06-16,M01,Product_B,Morning,23,8.58,2.84,1.84,99.67,96.55,35.0,551.23,447,286,161,161,44.87,3.59,180,14,9046.8,Shortfall
2024-06-16,M02,Product_A,Night,21,8.49,0.9,0.91,85.72,94.62,24.6,458.29,412,295,117,117,38.43,3.04,230,13,9089.6,Shortfall
2024-06-16,M05,Product_B,Morning,30,6.59,0.52,0.38,78.54,89.9,20.9,216.71,329,230,99,99,37.27,2.66,180,18,8618.4,Shortfall
2024-06-16,M05,Product_B,Morning,19,8.19,1.57,1.98,95.78,95.39,21.2,427.89,406,295,111,111,44.47,2.5,180,12,5400.0,Shortfall
2024-06-16,M01,Product_C,Morning,25,10.0,2.33,0.73,77.85,95.94,33.9,365.94,427,266,161,161,31.43,5.12,180,15,13824.0,Shortfall
2024-06-17,M04,Product_A,Night,8,11.23,1.02,1.63,95.81,93.05,30.6,215.15,557,348,209,209,34.46,6.07,230,5,6980.5,Shortfall
2024-06-17,M02,Product_A,Evening,20,11.29,0.94,0.55,99.9,97.62,23.4,622.86,590,537,53,53,50.75,1.04,200,12,2496.0,Shortfall
2024-06-17,M01,Product_A,Evening,23,11.59,1.41,0.4,97.53,92.14,23.7,476.92,642,524,118,118,49.09,2.4,200,14,6720.0,Shortfall
2024-06-18,M04,Product_C,Night,25,6.81,1.21,1.28,91.57,94.47,35.5,295.06,255,166,89,89,29.14,3.05,230,15,10522.5,Shortfall
2024-06-18,M02,Product_B,Night,30,9.43,0.48,1.51,78.49,90.47,28.9,290.01,396,291,105,105,33.69,3.12,230,18,12916.8,Shortfall
2024-06-18,M02,Product_B,Morning,15,9.75,0.13,1.26,84.29,93.88,25.4,281.26,479,322,157,157,34.86,4.5,180,9,7290.0,Shortfall
2024-06-18,M01,Product_C,Evening,22,11.58,2.88,1.62,91.31,90.01,21.6,581.58,505,313,192,192,33.2,5.78,200,14,16184.0,Shortfall
2024-06-18,M04,Product_B,Morning,17,10.06,1.01,0.79,80.17,94.18,28.8,429.32,460,311,149,149,33.7,4.42,180,11,8751.6,Shortfall
2024-06-18,M02,Product_C,Night,26,6.38,2.8,0.65,80.56,96.34,29.6,385.92,232,129,103,103,27.97,3.68,230,16,13542.4,Shortfall
2024-06-18,M02,Product_B,Night,17,6.32,0.29,1.62,88.11,90.34,28.4,409.43,277,210,67,67,37.54,1.78,230,11,4503.4,Shortfall
2024-06-18,M04,Product_B,Night,17,6.53,1.52,0.82,85.28,93.78,35.0,613.4,271,189,82,82,34.95,2.35,230,11,5945.5,Shortfall
2024-06-19,M01,Product_B,Evening,15,9.18,1.43,1.43,75.51,90.93,35.5,190.77,444,240,204,204,30.41,6.71,200,9,12078.0,Shortfall
2024-06-19,M04,Product_A,Evening,18,9.9,2.21,0.72,77.5,98.12,26.0,259.56,499,321,178,178,38.07,4.68,200,11,10296.0,Shortfall
2024-06-19,M01,Product_C,Evening,24,10.95,0.65,0.58,97.99,89.69,30.9,545.98,479,395,84,84,38.02,2.21,200,15,6630.0,Shortfall
2024-06-19,M01,Product_A,Evening,9,6.32,0.02,0.57,77.64,91.78,21.4,365.69,340,182,158,158,29.79,5.3,200,6,6360.0,Shortfall
2024-06-19,M04,Product_A,Morning,9,9.97,0.92,0.03,99.25,90.56,24.9,266.0,508,369,139,139,39.03,3.56,180,6,3844.8,Shortfall
2024-06-19,M05,Product_A,Morning,8,7.82,2.08,1.03,82.95,90.09,20.2,395.52,444,224,220,220,35.47,6.2,180,5,5580.0,Shortfall
2024-06-20,M05,Product_A,Night,13,7.87,0.0,0.14,90.35,99.81,29.2,451.29,406,342,64,64,43.73,1.46,230,8,2686.4,Shortfall
2024-06-20,M03,Product_A,Night,30,8.23,0.73,1.88,88.22,89.62,21.1,510.24,426,281,145,145,39.19,3.7,230,18,15318.0,Shortfall
2024-06-20,M01,Product_B,Night,25,6.48,2.06,1.47,78.45,88.2,21.6,503.55,299,145,154,154,30.01,5.13,230,15,17698.5,Shortfall
2024-06-20,M02,Product_A,Evening,12,11.78,0.79,0.86,77.76,91.92,35.6,525.29,638,353,285,285,31.96,8.92,200,8,14272.0,Shortfall
2024-06-20,M02,Product_C,Night,24,11.81,2.72,0.41,91.71,91.96,36.1,212.67,467,308,159,159,30.28,5.25,230,15,18112.5,Shortfall
2024-06-20,M03,Product_A,Night,26,10.38,2.94,1.79,89.15,90.04,22.4,307.32,535,352,183,183,43.26,4.23,230,16,15566.4,Shortfall
2024-06-20,M01,Product_A,Morning,9,8.55,0.73,0.14,76.92,89.21,33.4,533.89,481,267,214,214,32.96,6.49,180,6,7009.2,Shortfall
2024-06-20,M02,Product_A,Evening,18,11.52,1.49,0.16,82.01,94.45,25.1,359.23,617,429,188,188,40.3,4.67,200,11,10274.0,Shortfall
2024-06-21,M02,Product_C,Morning,25,7.59,0.41,1.79,97.66,94.45,31.0,359.48,305,244,61,61,36.21,1.68,180,15,4536.0,Shortfall
2024-06-21,M02,Product_A,Night,12,7.95,2.07,0.39,77.78,91.7,36.0,276.6,394,195,199,199,29.21,6.81,230,8,12530.4,Shortfall
2024-06-21,M02,Product_A,Morning,12,6.29,0.76,1.74,81.5,90.56,29.7,616.22,329,199,130,130,37.81,3.44,180,8,4953.6,Shortfall
2024-06-21,M03,Product_A,Evening,14,9.49,0.66,0.69,75.29,96.32,38.0,629.07,515,313,202,202,35.23,5.73,200,9,10314.0,Shortfall
2024-06-21,M05,Product_B,Evening,22,6.78,1.31,0.64,94.34,88.67,21.5,380.78,328,246,82,82,42.16,1.94,200,14,5432.0,Shortfall
2024-06-21,M01,Product_B,Evening,22,10.04,1.96,0.02,80.6,88.22,22.6,456.99,504,315,189,189,35.18,5.37,200,14,15036.0,Shortfall
2024-06-21,M04,Product_A,Evening,22,6.14,1.85,0.53,96.31,96.26,34.7,566.65,324,218,106,106,44.16,2.4,200,14,6720.0,Shortfall
2024-06-21,M01,Product_A,Night,16,9.4,0.54,0.58,87.11,91.18,26.3,301.91,470,350,120,120,39.33,3.05,230,10,7015.0,Shortfall
2024-06-21,M03,Product_C,Evening,20,11.43,1.26,0.43,85.95,89.2,30.7,464.05,472,333,139,139,31.46,4.42,200,12,10608.0,Shortfall
2024-06-21,M05,Product_A,Morning,13,6.78,0.58,1.57,77.15,89.24,26.3,206.03,366,203,163,163,34.34,4.75,180,8,6840.0,Shortfall
2024-06-22,M02,Product_A,Evening,14,10.76,2.11,1.0,98.55,96.14,32.7,381.73,590,416,174,174,44.98,3.87,200,9,6966.0,Shortfall
2024-06-22,M05,Product_C,Morning,27,9.06,0.27,0.59,85.17,97.4,25.5,618.92,375,296,79,79,34.0,2.32,180,17,7099.2,Shortfall
2024-06-23,M05,Product_A,Morning,30,7.54,2.79,1.35,81.81,94.91,27.9,583.03,419,253,166,166,45.73,3.63,180,18,11761.2,Shortfall
2024-06-23,M01,Product_C,Night,11,9.24,1.23,1.67,92.72,97.73,21.3,460.91,372,262,110,110,32.84,3.35,230,7,5393.5,Shortfall
2024-06-23,M04,Product_C,Evening,27,8.46,0.07,1.34,91.77,92.93,31.5,621.42,337,282,55,55,35.46,1.55,200,17,5270.0,Shortfall
2024-06-23,M03,Product_B,Morning,29,9.03,1.23,1.03,81.87,92.4,28.0,347.17,477,324,153,153,40.54,3.77,180,18,12214.8,Shortfall
2024-06-23,M05,Product_C,Evening,16,10.3,1.24,1.53,78.04,99.83,22.5,620.51,405,294,111,111,32.37,3.43,200,10,6860.0,Shortfall
2024-06-23,M03,Product_B,Evening,21,6.14,0.25,0.65,97.15,96.97,37.7,473.85,315,221,94,94,38.27,2.46,200,13,6396.0,Shortfall
2024-06-24,M05,Product_B,Morning,26,12.0,1.84,0.39,97.39,90.56,22.7,235.01,603,472,131,131,43.5,3.01,180,16,8668.8,Shortfall
2024-06-24,M03,Product_A,Morning,11,6.0,2.78,1.51,77.78,99.48,36.5,300.0,356,147,209,209,37.29,5.6,180,7,7056.0,Shortfall
2024-06-24,M04,Product_B,Evening,15,10.49,1.6,0.53,86.76,88.9,32.5,233.72,489,306,183,183,32.47,5.64,200,9,10152.0,Shortfall
2024-06-24,M05,Product_B,Night,27,7.51,2.14,1.89,98.58,96.83,35.9,365.79,345,230,115,115,40.55,2.84,230,17,11104.4,Shortfall
2024-06-24,M02,Product_C,Morning,26,10.86,0.6,1.94,89.11,94.18,27.9,474.9,449,347,102,102,35.22,2.9,180,16,8352.0,Shortfall
2024-06-24,M03,Product_A,Morning,21,6.99,2.4,0.7,89.98,94.98,23.9,258.84,423,267,156,156,49.22,3.17,180,13,7417.8,Shortfall
2024-06-25,M04,Product_B,Morning,15,11.59,0.15,1.95,75.11,92.93,28.2,491.2,549,316,233,233,29.19,7.98,180,9,12927.6,Shortfall
2024-06-25,M02,Product_C,Evening,13,8.53,1.13,0.02,81.89,94.37,34.3,634.15,343,205,138,138,25.94,5.32,200,8,8512.0,Shortfall
2024-06-25,M04,Product_B,Evening,22,8.26,2.2,1.73,96.01,96.27,28.4,284.37,378,263,115,115,40.81,2.82,200,14,7896.0,Shortfall
2024-06-25,M01,Product_A,Evening,25,7.15,2.06,0.67,84.54,90.17,24.2,645.26,392,269,123,123,46.52,2.64,200,15,7920.0,Shortfall
2024-06-25,M05,Product_A,Evening,11,8.43,1.39,1.32,75.69,89.33,22.7,214.29,441,242,199,199,33.59,5.92,200,7,8288.0,Shortfall
2024-06-25,M04,Product_A,Evening,15,8.98,1.66,0.87,96.52,88.32,30.1,264.23,444,270,174,174,34.78,5.0,200,9,9000.0,Shortfall
2024-06-25,M01,Product_B,Evening,10,11.55,2.46,0.02,82.31,89.02,36.0,468.16,584,279,305,305,27.38,11.14,200,6,13368.0,Shortfall
2024-06-25,M03,Product_B,Morning,11,7.7,2.02,1.99,98.22,96.02,35.8,530.8,404,245,159,159,41.58,3.82,180,7,4813.2,Shortfall
2024-06-26,M03,Product_C,Morning,18,9.0,2.5,0.11,88.6,91.63,36.5,255.65,391,247,144,144,32.56,4.42,180,11,8751.6,Shortfall
2024-06-26,M04,Product_A,Evening,21,8.95,2.36,1.46,94.7,92.5,29.1,310.13,451,312,139,139,43.69,3.18,200,13,8268.0,Shortfall
2024-06-26,M01,Product_B,Evening,25,6.23,2.87,1.27,95.72,96.73,23.8,254.81,291,196,95,95,46.59,2.04,200,15,6120.0,Shortfall
2024-06-26,M03,Product_A,Night,25,7.15,2.38,0.94,81.42,88.26,28.3,629.23,360,246,114,114,44.63,2.55,230,15,8797.5,Shortfall
2024-06-26,M01,Product_C,Evening,9,6.64,0.42,0.63,99.8,94.59,31.3,562.13,276,203,73,73,32.8,2.23,200,6,2676.0,Shortfall
2024-06-26,M04,Product_B,Evening,24,7.5,0.3,0.88,98.63,94.96,33.8,604.08,348,285,63,63,40.56,1.55,200,15,4650.0,Shortfall
2024-06-26,M04,Product_A,Evening,19,11.51,2.73,0.07,80.97,94.31,35.1,288.06,578,368,210,210,36.86,5.7,200,12,13680.0,Shortfall
2024-06-26,M03,Product_B,Evening,13,11.25,2.54,1.54,79.99,97.59,32.4,385.15,560,308,252,252,33.07,7.62,200,8,12192.0,Shortfall
2024-06-27,M03,Product_C,Morning,13,10.67,2.65,0.46,85.8,99.69,34.9,312.32,456,312,144,144,34.47,4.18,180,8,6019.2,Shortfall
2024-06-27,M03,Product_A,Morning,8,6.44,0.5,1.06,96.84,99.13,23.2,338.91,382,267,115,115,46.08,2.5,180,5,2250.0,Shortfall
2024-06-27,M05,Product_B,Morning,10,9.35,2.94,0.21,92.95,89.64,35.4,568.15,460,258,202,202,33.68,6.0,180,6,6480.0,Shortfall
2024-06-27,M03,Product_C,Morning,23,10.96,2.91,0.51,89.69,91.51,33.8,555.35,486,340,146,146,37.03,3.94,180,14,9928.8,Shortfall
2024-06-27,M04,Product_B,Evening,24,8.0,0.2,1.05,93.79,93.31,30.9,291.66,348,293,55,55,38.95,1.41,200,15,4230.0,Shortfall
2024-06-27,M04,Product_C,Morning,28,8.84,2.95,1.16,92.71,99.19,20.3,440.89,354,279,75,75,40.96,1.83,180,17,5599.8,Shortfall
2024-06-27,M02,Product_B,Evening,11,7.84,2.86,1.6,87.76,91.49,23.9,436.0,352,172,180,180,30.14,5.97,200,7,8358.0,Shortfall
2024-06-27,M04,Product_B,Evening,9,10.92,1.8,1.09,83.06,90.82,36.0,415.48,487,284,203,203,29.74,6.83,200,6,8196.0,Shortfall
2024-06-27,M01,Product_B,Evening,14,11.65,2.31,0.38,84.29,88.59,36.1,640.18,553,335,218,218,32.69,6.67,200,9,12006.0,Shortfall
2024-06-27,M01,Product_A,Morning,16,8.73,2.8,0.98,97.58,94.48,26.6,349.19,490,311,179,179,45.42,3.94,180,10,7092.0,Shortfall
2024-06-27,M01,Product_B,Evening,9,9.08,0.06,1.81,99.55,94.79,34.4,342.16,460,312,148,148,37.08,3.99,200,6,4788.0,Shortfall
2024-06-27,M02,Product_A,Morning,12,7.98,2.76,1.16,82.2,98.81,35.0,217.62,442,223,219,219,36.82,5.95,180,8,8568.0,Shortfall
2024-06-27,M01,Product_B,Evening,18,11.65,2.16,0.18,94.29,94.12,34.6,530.84,536,415,121,121,39.91,3.03,200,11,6666.0,Shortfall
2024-06-27,M04,Product_C,Morning,20,7.71,0.31,1.24,76.82,93.6,29.2,405.97,312,186,126,126,26.18,4.81,180,12,10389.6,Shortfall
2024-06-27,M03,Product_C,Morning,9,6.45,0.81,0.61,82.17,94.53,35.3,591.51,276,155,121,121,26.77,4.52,180,6,4881.6,Shortfall
2024-06-28,M04,Product_A,Morning,29,9.47,1.86,1.82,83.74,95.02,37.3,590.99,504,313,191,191,40.08,4.77,180,18,15454.8,Shortfall
2024-06-28,M02,Product_B,Night,23,11.22,0.82,1.61,84.68,91.01,23.8,313.94,469,357,112,112,34.98,3.2,230,14,10304.0,Shortfall
2024-06-28,M02,Product_B,Night,13,6.81,2.49,0.34,87.39,94.11,20.2,541.95,286,169,117,117,31.76,3.68,230,8,6771.2,Shortfall
2024-06-28,M01,Product_C,Evening,14,9.22,0.82,1.46,99.83,97.41,30.3,577.95,397,321,76,76,38.87,1.96,200,9,3528.0,Shortfall
2024-06-28,M01,Product_A,Evening,29,6.76,2.13,0.21,89.23,89.06,23.6,266.07,375,261,114,114,47.33,2.41,200,18,8676.0,Shortfall
2024-06-28,M04,Product_B,Morning,9,9.16,0.28,0.36,95.08,98.79,20.4,252.7,414,317,97,97,35.7,2.72,180,6,2937.6,Shortfall
2024-06-28,M02,Product_B,Night,25,7.97,2.09,0.36,81.61,92.31,25.5,297.74,345,218,127,127,32.56,3.9,230,15,13455.0,Shortfall
2024-06-28,M01,Product_A,Evening,22,10.7,0.11,0.53,83.78,99.33,36.1,645.09,587,472,115,115,45.15,2.55,200,14,7140.0,Shortfall
2024-06-28,M05,Product_C,Morning,27,6.62,1.24,0.48,89.51,88.54,29.8,442.19,274,206,68,68,35.7,1.9,180,17,5814.0,Shortfall
2024-06-28,M01,Product_A,Morning,26,7.31,1.18,0.88,78.84,96.81,21.1,500.65,420,281,139,139,44.23,3.14,180,16,9043.2,Shortfall
